granuleID,SensingTime,ProductionTime,VEG-DIST-STATUS,VEG-ANOM,VEG-IND,VEG-HIST,VEG-ANOM-MAX,VEG-DIST-CONF,VEG-DIST-DATE,VEG-DIST-COUNT,VEG-DIST-DUR,VEG-LAST-DATE,GEN-DIST-STATUS,GEN-ANOM,GEN-ANOM-MAX,GEN-DIST-CONF,GEN-DIST-DATE,GEN-DIST-COUNT,GEN-DIST-DUR,GEN-LAST-DATE
OPERA_L3_DIST-ALERT-HLS_T53KQV_20240102T004749Z_20240208T014931Z_L8_30_v1,20240102T004749Z,20240208T014931Z,7,NA,NA,24,24,10287,20230316,28,116,1095,3,NA,31,1791,20231201,9,31,1095
OPERA_L3_DIST-ALERT-HLS_T53KQV_20240102T005709Z_20240208T015016Z_S2B_30_v1,20240102T005709Z,20240208T015016Z,7,NA,NA,24,24,10287,20230316,28,116,1095,3,NA,31,1791,20231201,9,31,1095
OPERA_L3_DIST-ALERT-HLS_T53KQV_20240105T010729Z_20240208T015101Z_S2B_30_v1,20240105T010729Z,20240208T015101Z,7,NA,NA,24,24,10287,20230316,28,116,1095,3,NA,31,1791,20231201,9,31,1095
OPERA_L3_DIST-ALERT-HLS_T53KQV_20240107T005701Z_20240208T015144Z_S2A_30_v1,20240107T005701Z,20240208T015144Z,7,NA,NA,24,24,10287,20230316,28,116,1095,3,NA,31,1791,20231201,9,31,1095
OPERA_L3_DIST-ALERT-HLS_T53KQV_20240109T005335Z_20240208T015229Z_L8_30_v1,20240109T005335Z,20240208T015229Z,7,NA,NA,24,24,10287,20230316,28,116,1095,3,NA,31,1791,20231201,9,31,1095
OPERA_L3_DIST-ALERT-HLS_T53KQV_20240110T004758Z_20240208T180128Z_L9_30_v1,20240110T004758Z,20240208T180128Z,7,NA,NA,24,24,10287,20230316,28,116,1095,3,NA,31,1791,20231201,9,31,1095
OPERA_L3_DIST-ALERT-HLS_T53KQV_20240110T010721Z_20240208T180201Z_S2A_30_v1,20240110T010721Z,20240208T180201Z,7,NA,NA,24,24,10287,20230316,28,116,1095,3,NA,31,1791,20231201,9,31,1095
OPERA_L3_DIST-ALERT-HLS_T53KQV_20240112T005709Z_20240208T180234Z_S2B_30_v1,20240112T005709Z,20240208T180234Z,7,NA,NA,24,24,10287,20230316,28,116,1095,3,NA,31,1791,20231201,9,31,1095
OPERA_L3_DIST-ALERT-HLS_T53KQV_20240117T005346Z_20240208T180308Z_L9_30_v1,20240117T005346Z,20240208T180308Z,7,NA,NA,24,24,10287,20230316,28,116,1095,3,NA,31,1791,20231201,9,31,1095
OPERA_L3_DIST-ALERT-HLS_T53KQV_20240118T004749Z_20240208T180340Z_L8_30_v1,20240118T004749Z,20240208T180340Z,7,NA,NA,24,24,10287,20230316,28,116,1095,3,NA,31,1791,20231201,9,31,1095
OPERA_L3_DIST-ALERT-HLS_T53KQV_20240120T010721Z_20240208T180414Z_S2A_30_v1,20240120T010721Z,20240208T180414Z,1,11,16,27,11,11,20240120,1,1,1115,7,12,31,1709,20231201,9,31,1115
OPERA_L3_DIST-ALERT-HLS_T53KQV_20240125T005330Z_20240208T180447Z_L8_30_v1,20240125T005330Z,20240208T180447Z,1,NA,NA,27,11,11,20240120,1,1,1115,7,NA,31,1709,20231201,9,31,1115
OPERA_L3_DIST-ALERT-HLS_T53KQV_20240125T010729Z_20240208T180520Z_S2B_30_v1,20240125T010729Z,20240208T180520Z,1,NA,NA,27,11,11,20240120,1,1,1115,7,NA,31,1709,20231201,9,31,1115
OPERA_L3_DIST-ALERT-HLS_T53KQV_20240126T004756Z_20240208T180551Z_L9_30_v1,20240126T004756Z,20240208T180551Z,1,NA,NA,27,11,11,20240120,1,1,1115,7,NA,31,1709,20231201,9,31,1115
OPERA_L3_DIST-ALERT-HLS_T53KQV_20240127T005701Z_20240208T180623Z_S2A_30_v1,20240127T005701Z,20240208T180623Z,1,NA,NA,27,11,11,20240120,1,1,1115,7,NA,31,1709,20231201,9,31,1115
OPERA_L3_DIST-ALERT-HLS_T53KQV_20240130T010721Z_20240208T180654Z_S2A_30_v1,20240130T010721Z,20240208T180654Z,1,NA,NA,27,11,11,20240120,1,1,1115,7,NA,31,1709,20231201,9,31,1115
OPERA_L3_DIST-ALERT-HLS_T53KQV_20240204T010729Z_20240213T140338Z_S2B_30_v1,20240204T010729Z,20240213T140338Z,2,23,5,28,23,68,20240120,2,16,1130,7,14,31,1709,20231201,9,31,1130
OPERA_L3_DIST-ALERT-HLS_T53KQV_20240206T005701Z_20240213T140410Z_S2A_30_v1,20240206T005701Z,20240213T140410Z,2,NA,NA,28,23,68,20240120,2,16,1130,7,NA,31,1709,20231201,9,31,1130
OPERA_L3_DIST-ALERT-HLS_T53KQV_20240209T010721Z_20240213T140443Z_S2A_30_v1,20240209T010721Z,20240213T140443Z,2,22,6,28,23,168,20240120,3,21,1135,7,11,31,1709,20231201,9,31,1135
OPERA_L3_DIST-ALERT-HLS_T53KQV_20240210T005335Z_20240213T140515Z_L8_30_v1,20240210T005335Z,20240213T140515Z,2,NA,NA,28,23,168,20240120,3,21,1135,7,NA,31,1709,20231201,9,31,1135
OPERA_L3_DIST-ALERT-HLS_T53KQV_20240211T004800Z_20240220T094337Z_L9_30_v1,20240211T004800Z,20240220T094337Z,2,NA,NA,28,23,168,20240120,3,21,1135,7,NA,31,1709,20231201,9,31,1135
OPERA_L3_DIST-ALERT-HLS_T53KQV_20240211T005709Z_20240220T094410Z_S2B_30_v1,20240211T005709Z,20240220T094410Z,2,NA,NA,28,23,168,20240120,3,21,1135,7,NA,31,1709,20231201,9,31,1135
OPERA_L3_DIST-ALERT-HLS_T53KQV_20240214T010729Z_20240220T094444Z_S2B_30_v1,20240214T010729Z,20240220T094444Z,2,NA,NA,28,23,168,20240120,3,21,1135,7,NA,31,1709,20231201,9,31,1135
OPERA_L3_DIST-ALERT-HLS_T53KQV_20240218T005404Z_20240229T182145Z_L9_30_v1,20240218T005404Z,20240229T182145Z,2,NA,NA,28,23,168,20240120,3,21,1135,7,NA,31,1709,20231201,9,31,1135
OPERA_L3_DIST-ALERT-HLS_T53KQV_20240219T004746Z_20240229T182233Z_L8_30_v1,20240219T004746Z,20240229T182233Z,2,NA,NA,28,23,168,20240120,3,21,1135,7,NA,31,1709,20231201,9,31,1135
OPERA_L3_DIST-ALERT-HLS_T53KQV_20240221T005709Z_20240229T182329Z_S2B_30_v1,20240221T005709Z,20240229T182329Z,2,NA,NA,28,23,168,20240120,3,21,1135,7,NA,31,1709,20231201,9,31,1135
OPERA_L3_DIST-ALERT-HLS_T53KQV_20240224T010729Z_20240229T182424Z_S2B_30_v1,20240224T010729Z,20240229T182424Z,2,27,0,27,27,332,20240120,4,36,1150,1,29,29,29,20240224,1,1,1150
OPERA_L3_DIST-ALERT-HLS_T53KQV_20240226T005331Z_20240304T202544Z_L8_30_v1,20240226T005331Z,20240304T202544Z,2,NA,NA,27,27,332,20240120,4,36,1150,1,NA,29,29,20240224,1,1,1150
OPERA_L3_DIST-ALERT-HLS_T53KQV_20240226T005711Z_20240229T182508Z_S2A_30_v1,20240226T005711Z,20240229T182508Z,2,NA,NA,27,27,332,20240120,4,36,1150,1,NA,29,29,20240224,1,1,1150
OPERA_L3_DIST-ALERT-HLS_T53KQV_20240227T004750Z_20240304T202618Z_L9_30_v1,20240227T004750Z,20240304T202618Z,2,NA,NA,27,27,332,20240120,4,36,1150,1,NA,29,29,20240224,1,1,1150
OPERA_L3_DIST-ALERT-HLS_T53KQV_20240229T010731Z_20240305T162808Z_S2A_30_v1,20240229T010731Z,20240305T162808Z,2,NA,NA,27,27,332,20240120,4,36,1150,1,NA,29,29,20240224,1,1,1150
OPERA_L3_DIST-ALERT-HLS_T53KQV_20240302T005709Z_20240304T202653Z_S2B_30_v1,20240302T005709Z,20240304T202653Z,2,NA,NA,27,27,332,20240120,4,36,1150,1,NA,29,29,20240224,1,1,1150
OPERA_L3_DIST-ALERT-HLS_T53KQV_20240305T005340Z_20240320T010112Z_L9_30_v1,20240305T005340Z,20240320T010112Z,2,NA,NA,27,27,332,20240120,4,36,1150,1,NA,29,29,20240224,1,1,1150
OPERA_L3_DIST-ALERT-HLS_T53KQV_20240305T010719Z_20240319T235312Z_S2B_30_v1,20240305T010719Z,20240319T235312Z,2,NA,NA,27,27,332,20240120,4,36,1150,1,NA,29,29,20240224,1,1,1150
OPERA_L3_DIST-ALERT-HLS_T53KQV_20240306T004735Z_20240320T065007Z_L8_30_v1,20240306T004735Z,20240320T065007Z,2,NA,NA,27,27,332,20240120,4,36,1150,1,NA,29,29,20240224,1,1,1150
OPERA_L3_DIST-ALERT-HLS_T53KQV_20240307T005711Z_20240322T064921Z_S2A_30_v1,20240307T005711Z,20240322T064921Z,2,NA,NA,27,27,332,20240120,4,36,1150,1,NA,29,29,20240224,1,1,1150
OPERA_L3_DIST-ALERT-HLS_T53KQV_20240310T010731Z_20240322T064959Z_S2A_30_v1,20240310T010731Z,20240322T064959Z,2,NA,NA,27,27,332,20240120,4,36,1150,1,NA,29,29,20240224,1,1,1150
OPERA_L3_DIST-ALERT-HLS_T53KQV_20240312T005659Z_20240321T045045Z_S2B_30_v1,20240312T005659Z,20240321T045045Z,2,NA,NA,27,27,332,20240120,4,36,1150,1,NA,29,29,20240224,1,1,1150
OPERA_L3_DIST-ALERT-HLS_T53KQV_20240313T005320Z_20240315T142305Z_L8_30_v1,20240313T005320Z,20240315T142305Z,0,0,0,200,0,0,NA,0,0,1168,0,9,0,0,NA,0,0,1168
OPERA_L3_DIST-ALERT-HLS_T53KQV_20240314T004752Z_20240317T033148Z_L9_30_v1,20240314T004752Z,20240317T033148Z,0,NA,NA,200,0,0,NA,0,0,1168,0,NA,0,0,NA,0,0,1168
OPERA_L3_DIST-ALERT-HLS_T53KQV_20240315T010729Z_20240317T225149Z_S2B_30_v1,20240315T010729Z,20240317T225149Z,0,0,1,200,0,0,NA,0,0,1170,0,9,0,0,NA,0,0,1170
OPERA_L3_DIST-ALERT-HLS_T53KQV_20240322T004726Z_20240327T105026Z_L8_30_v1,20240322T004726Z,20240327T105026Z,0,NA,NA,200,0,0,NA,0,0,1170,0,NA,0,0,NA,0,0,1170
OPERA_L3_DIST-ALERT-HLS_T53KQV_20240322T005709Z_20240327T105107Z_S2B_30_v1,20240322T005709Z,20240327T105107Z,0,NA,NA,200,0,0,NA,0,0,1170,0,NA,0,0,NA,0,0,1170
OPERA_L3_DIST-ALERT-HLS_T53KQV_20240325T010729Z_20240328T032201Z_S2B_30_v1,20240325T010729Z,20240328T032201Z,0,0,0,200,0,0,NA,0,0,1180,0,8,0,0,NA,0,0,1180
OPERA_L3_DIST-ALERT-HLS_T53KQV_20240327T005711Z_20240329T075702Z_S2A_30_v1,20240327T005711Z,20240329T075702Z,0,NA,NA,200,0,0,NA,0,0,1180,0,NA,0,0,NA,0,0,1180
OPERA_L3_DIST-ALERT-HLS_T53KQV_20240329T005305Z_20240331T103208Z_L8_30_v1,20240329T005305Z,20240331T103208Z,0,NA,NA,200,0,0,NA,0,0,1180,0,NA,0,0,NA,0,0,1180
OPERA_L3_DIST-ALERT-HLS_T53KQV_20240330T004743Z_20240401T110211Z_L9_30_v1,20240330T004743Z,20240401T110211Z,0,NA,NA,200,0,0,NA,0,0,1180,0,NA,0,0,NA,0,0,1180
OPERA_L3_DIST-ALERT-HLS_T53KQV_20240330T010731Z_20240401T110249Z_S2A_30_v1,20240330T010731Z,20240401T110249Z,0,NA,NA,200,0,0,NA,0,0,1180,0,NA,0,0,NA,0,0,1180
OPERA_L3_DIST-ALERT-HLS_T53KQV_20240401T005709Z_20240406T003545Z_S2B_30_v1,20240401T005709Z,20240406T003545Z,0,NA,NA,200,0,0,NA,0,0,1180,0,NA,0,0,NA,0,0,1180
OPERA_L3_DIST-ALERT-HLS_T53KQV_20240404T010729Z_20240407T092551Z_S2B_30_v1,20240404T010729Z,20240407T092551Z,0,0,0,200,0,0,NA,0,0,1190,0,5,0,0,NA,0,0,1190
OPERA_L3_DIST-ALERT-HLS_T53KQV_20240406T005329Z_20240408T122459Z_L9_30_v1,20240406T005329Z,20240408T122459Z,0,0,0,200,0,0,NA,0,0,1192,0,4,0,0,NA,0,0,1192
OPERA_L3_DIST-ALERT-HLS_T53KQV_20240406T005701Z_20240408T083339Z_S2A_30_v1,20240406T005701Z,20240408T083339Z,0,NA,NA,200,0,0,NA,0,0,1190,0,NA,0,0,NA,0,0,1190
OPERA_L3_DIST-ALERT-HLS_T53KQV_20240407T004718Z_20240409T142155Z_L8_30_v1,20240407T004718Z,20240409T142155Z,0,NA,NA,200,0,0,NA,0,0,1190,0,NA,0,0,NA,0,0,1190
OPERA_L3_DIST-ALERT-HLS_T53KQV_20240409T010731Z_20240412T020915Z_S2A_30_v1,20240409T010731Z,20240412T020915Z,0,0,0,200,0,0,NA,0,0,1195,0,4,0,0,NA,0,0,1195
OPERA_L3_DIST-ALERT-HLS_T53KQV_20240411T005709Z_20240413T182635Z_S2B_30_v1,20240411T005709Z,20240413T182635Z,0,NA,NA,200,0,0,NA,0,0,1195,0,NA,0,0,NA,0,0,1195
OPERA_L3_DIST-ALERT-HLS_T53KQV_20240414T010729Z_20240416T212825Z_S2B_30_v1,20240414T010729Z,20240416T212825Z,0,0,0,200,0,0,NA,0,0,1200,0,4,0,0,NA,0,0,1200
OPERA_L3_DIST-ALERT-HLS_T53KQV_20240415T004736Z_20240417T110526Z_L9_30_v1,20240415T004736Z,20240417T110526Z,0,NA,NA,200,0,0,NA,0,0,1200,0,NA,0,0,NA,0,0,1200
OPERA_L3_DIST-ALERT-HLS_T53KQV_20240416T005711Z_20240428T224321Z_S2A_30_v1,20240416T005711Z,20240428T224321Z,0,NA,NA,200,0,0,NA,0,0,1200,0,NA,0,0,NA,0,0,1200
OPERA_L3_DIST-ALERT-HLS_T53KQV_20240419T010731Z_20240427T123211Z_S2A_30_v1,20240419T010731Z,20240427T123211Z,0,0,1,200,0,0,NA,0,0,1205,0,4,0,0,NA,0,0,1205
OPERA_L3_DIST-ALERT-HLS_T53KQV_20240421T005709Z_20240426T020402Z_S2B_30_v1,20240421T005709Z,20240426T020402Z,0,NA,NA,200,0,0,NA,0,0,1200,0,NA,0,0,NA,0,0,1200
OPERA_L3_DIST-ALERT-HLS_T53KQV_20240422T005311Z_20240427T123240Z_L9_30_v1,20240422T005311Z,20240427T123240Z,0,NA,NA,200,0,0,NA,0,0,1205,0,NA,0,0,NA,0,0,1205
OPERA_L3_DIST-ALERT-HLS_T53KQV_20240423T004710Z_20240427T123309Z_L8_30_v1,20240423T004710Z,20240427T123309Z,0,NA,NA,200,0,0,NA,0,0,1205,0,NA,0,0,NA,0,0,1205
OPERA_L3_DIST-ALERT-HLS_T53KQV_20240424T010729Z_20240428T224411Z_S2B_30_v1,20240424T010729Z,20240428T224411Z,0,0,0,200,0,0,NA,0,0,1210,0,4,0,0,NA,0,0,1210
OPERA_L3_DIST-ALERT-HLS_T53KQV_20240426T005711Z_20240429T132304Z_S2A_30_v1,20240426T005711Z,20240429T132304Z,0,NA,NA,200,0,0,NA,0,0,1210,0,NA,0,0,NA,0,0,1210
OPERA_L3_DIST-ALERT-HLS_T53KQV_20240429T010731Z_20240502T041522Z_S2A_30_v1,20240429T010731Z,20240502T041522Z,0,0,0,200,0,0,NA,0,0,1215,0,4,0,0,NA,0,0,1215
OPERA_L3_DIST-ALERT-HLS_T53KQV_20240430T005251Z_20240509T145908Z_L8_30_v1,20240430T005251Z,20240509T145908Z,0,0,1,200,0,0,NA,0,0,1216,0,2,0,0,NA,0,0,1216
OPERA_L3_DIST-ALERT-HLS_T53KQV_20240501T004719Z_20240508T103847Z_L9_30_v1,20240501T004719Z,20240508T103847Z,0,NA,NA,200,0,0,NA,0,0,1215,0,NA,0,0,NA,0,0,1215
OPERA_L3_DIST-ALERT-HLS_T53KQV_20240501T005709Z_20240508T103926Z_S2B_30_v1,20240501T005709Z,20240508T103926Z,0,NA,NA,200,0,0,NA,0,0,1215,0,NA,0,0,NA,0,0,1215
OPERA_L3_DIST-ALERT-HLS_T53KQV_20240504T010729Z_20240509T145937Z_S2B_30_v1,20240504T010729Z,20240509T145937Z,0,0,0,200,0,0,NA,0,0,1220,0,3,0,0,NA,0,0,1220
OPERA_L3_DIST-ALERT-HLS_T53KQV_20240506T005711Z_20240510T064819Z_S2A_30_v1,20240506T005711Z,20240510T064819Z,0,NA,NA,200,0,0,NA,0,0,1220,0,NA,0,0,NA,0,0,1220
OPERA_L3_DIST-ALERT-HLS_T53KQV_20240508T005305Z_20240510T122053Z_L9_30_v1,20240508T005305Z,20240510T122053Z,0,NA,NA,200,0,0,NA,0,0,1220,0,NA,0,0,NA,0,0,1220
OPERA_L3_DIST-ALERT-HLS_T53KQV_20240509T004659Z_20240511T110707Z_L8_30_v1,20240509T004659Z,20240511T110707Z,0,NA,NA,200,0,0,NA,0,0,1220,0,NA,0,0,NA,0,0,1220
OPERA_L3_DIST-ALERT-HLS_T53KQV_20240509T010731Z_20240511T110751Z_S2A_30_v1,20240509T010731Z,20240511T110751Z,0,0,0,200,0,0,NA,0,0,1225,0,4,0,0,NA,0,0,1225
OPERA_L3_DIST-ALERT-HLS_T53KQV_20240511T005709Z_20240515T194823Z_S2B_30_v1,20240511T005709Z,20240515T194823Z,0,NA,NA,200,0,0,NA,0,0,1225,0,NA,0,0,NA,0,0,1225
OPERA_L3_DIST-ALERT-HLS_T53KQV_20240514T010729Z_20240516T162259Z_S2B_30_v1,20240514T010729Z,20240516T162259Z,0,0,0,200,0,0,NA,0,0,1230,0,4,0,0,NA,0,0,1230
OPERA_L3_DIST-ALERT-HLS_T53KQV_20240516T005236Z_20240518T074847Z_L8_30_v1,20240516T005236Z,20240518T074847Z,0,0,0,200,0,0,NA,0,0,1232,0,1,0,0,NA,0,0,1232
OPERA_L3_DIST-ALERT-HLS_T53KQV_20240516T005711Z_20240518T092633Z_S2A_30_v1,20240516T005711Z,20240518T092633Z,0,NA,NA,200,0,0,NA,0,0,1232,0,NA,0,0,NA,0,0,1232
OPERA_L3_DIST-ALERT-HLS_T53KQV_20240517T004710Z_20240519T123508Z_L9_30_v1,20240517T004710Z,20240519T123508Z,0,NA,NA,200,0,0,NA,0,0,1232,0,NA,0,0,NA,0,0,1232
OPERA_L3_DIST-ALERT-HLS_T53KQV_20240519T010731Z_20240522T001841Z_S2A_30_v1,20240519T010731Z,20240522T001841Z,0,NA,NA,200,0,0,NA,0,0,1232,0,NA,0,0,NA,0,0,1232
OPERA_L3_DIST-ALERT-HLS_T53KQV_20240521T005709Z_20240523T144441Z_S2B_30_v1,20240521T005709Z,20240523T144441Z,0,NA,NA,200,0,0,NA,0,0,1232,0,NA,0,0,NA,0,0,1232
OPERA_L3_DIST-ALERT-HLS_T53KQV_20240524T005255Z_20240526T090726Z_L9_30_v1,20240524T005255Z,20240526T090726Z,0,0,0,200,0,0,NA,0,0,1240,0,1,0,0,NA,0,0,1240
OPERA_L3_DIST-ALERT-HLS_T53KQV_20240524T010729Z_20240526T125443Z_S2B_30_v1,20240524T010729Z,20240526T125443Z,0,0,0,200,0,0,NA,0,0,1240,0,3,0,0,NA,0,0,1240
OPERA_L3_DIST-ALERT-HLS_T53KQV_20240525T004645Z_20240527T234430Z_L8_30_v1,20240525T004645Z,20240527T234430Z,0,NA,NA,200,0,0,NA,0,0,1240,0,NA,0,0,NA,0,0,1240
OPERA_L3_DIST-ALERT-HLS_T53KQV_20240526T005711Z_20240528T114609Z_S2A_30_v1,20240526T005711Z,20240528T114609Z,0,NA,NA,200,0,0,NA,0,0,1240,0,NA,0,0,NA,0,0,1240
OPERA_L3_DIST-ALERT-HLS_T53KQV_20240529T010731Z_20240531T115746Z_S2A_30_v1,20240529T010731Z,20240531T115746Z,0,0,0,200,0,0,NA,0,0,1245,0,1,0,0,NA,0,0,1245
OPERA_L3_DIST-ALERT-HLS_T53KQV_20240531T005709Z_20240602T153001Z_S2B_30_v1,20240531T005709Z,20240602T153001Z,0,NA,NA,200,0,0,NA,0,0,1245,0,NA,0,0,NA,0,0,1245
OPERA_L3_DIST-ALERT-HLS_T53KQV_20240601T005232Z_20240605T141503Z_L8_30_v1,20240601T005232Z,20240605T141503Z,0,NA,NA,200,0,0,NA,0,0,1245,0,NA,0,0,NA,0,0,1245
OPERA_L3_DIST-ALERT-HLS_T53KQV_20240602T004704Z_20240604T171651Z_L9_30_v1,20240602T004704Z,20240604T171651Z,0,NA,NA,200,0,0,NA,0,0,1245,0,NA,0,0,NA,0,0,1245
OPERA_L3_DIST-ALERT-HLS_T53KQV_20240603T010729Z_20240606T040945Z_S2B_30_v1,20240603T010729Z,20240606T040945Z,0,0,0,200,0,0,NA,0,0,1250,0,1,0,0,NA,0,0,1250
OPERA_L3_DIST-ALERT-HLS_T53KQV_20240605T005711Z_20240611T092814Z_S2A_30_v1,20240605T005711Z,20240611T092814Z,0,NA,NA,200,0,0,NA,0,0,1250,0,NA,0,0,NA,0,0,1250
OPERA_L3_DIST-ALERT-HLS_T53KQV_20240608T010731Z_20240612T104525Z_S2A_30_v1,20240608T010731Z,20240612T104525Z,0,0,0,200,0,0,NA,0,0,1255,0,1,0,0,NA,0,0,1255
OPERA_L3_DIST-ALERT-HLS_T53KQV_20240609T005249Z_20240621T222522Z_L9_30_v1,20240609T005249Z,20240621T222522Z,0,0,0,200,0,0,NA,0,0,1256,0,2,0,0,NA,0,0,1256
OPERA_L3_DIST-ALERT-HLS_T53KQV_20240610T004647Z_20240622T135039Z_L8_30_v1,20240610T004647Z,20240622T135039Z,0,NA,NA,200,0,0,NA,0,0,1256,0,NA,0,0,NA,0,0,1256
OPERA_L3_DIST-ALERT-HLS_T53KQV_20240613T010729Z_20240615T025603Z_S2B_30_v1,20240613T010729Z,20240615T025603Z,0,0,0,200,0,0,NA,0,0,1260,0,1,0,0,NA,0,0,1260
OPERA_L3_DIST-ALERT-HLS_T53KQV_20240615T005711Z_20240617T052847Z_S2A_30_v1,20240615T005711Z,20240617T052847Z,0,NA,NA,200,0,0,NA,0,0,1260,0,NA,0,0,NA,0,0,1260
OPERA_L3_DIST-ALERT-HLS_T53KQV_20240617T005239Z_20240619T044126Z_L8_30_v1,20240617T005239Z,20240619T044126Z,0,0,0,200,0,0,NA,0,0,1264,0,2,0,0,NA,0,0,1264
OPERA_L3_DIST-ALERT-HLS_T53KQV_20240618T004652Z_20240620T044900Z_L9_30_v1,20240618T004652Z,20240620T044900Z,0,NA,NA,200,0,0,NA,0,0,1264,0,NA,0,0,NA,0,0,1264
OPERA_L3_DIST-ALERT-HLS_T53KQV_20240618T010731Z_20240620T044927Z_S2A_30_v1,20240618T010731Z,20240620T044927Z,0,0,0,200,0,0,NA,0,0,1265,0,1,0,0,NA,0,0,1265
OPERA_L3_DIST-ALERT-HLS_T53KQV_20240620T005709Z_20240622T103127Z_S2B_30_v1,20240620T005709Z,20240622T103127Z,0,NA,NA,200,0,0,NA,0,0,1265,0,NA,0,0,NA,0,0,1265
OPERA_L3_DIST-ALERT-HLS_T53KQV_20240623T010729Z_20240625T130043Z_S2B_30_v1,20240623T010729Z,20240625T130043Z,0,0,0,200,0,0,NA,0,0,1270,0,3,0,0,NA,0,0,1270
OPERA_L3_DIST-ALERT-HLS_T53KQV_20240625T005232Z_20240627T065604Z_L9_30_v1,20240625T005232Z,20240627T065604Z,0,NA,NA,200,0,0,NA,0,0,1270,0,NA,0,0,NA,0,0,1270
OPERA_L3_DIST-ALERT-HLS_T53KQV_20240625T005711Z_20240627T103806Z_S2A_30_v1,20240625T005711Z,20240627T103806Z,0,NA,NA,200,0,0,NA,0,0,1270,0,NA,0,0,NA,0,0,1270
OPERA_L3_DIST-ALERT-HLS_T53KQV_20240626T004659Z_20240628T044151Z_L8_30_v1,20240626T004659Z,20240628T044151Z,0,NA,NA,200,0,0,NA,0,0,1270,0,NA,0,0,NA,0,0,1270
OPERA_L3_DIST-ALERT-HLS_T53KQV_20240628T010731Z_20240630T090601Z_S2A_30_v1,20240628T010731Z,20240630T090601Z,0,0,0,200,0,0,NA,0,0,1275,0,3,0,0,NA,0,0,1275
OPERA_L3_DIST-ALERT-HLS_T53KQV_20240630T005709Z_20240702T201448Z_S2B_30_v1,20240630T005709Z,20240702T201448Z,0,NA,NA,200,0,0,NA,0,0,1275,0,NA,0,0,NA,0,0,1275
OPERA_L3_DIST-ALERT-HLS_T53KQV_20240703T005247Z_20240707T085233Z_L8_30_v1,20240703T005247Z,20240707T085233Z,0,0,0,200,0,0,NA,0,0,1280,0,5,0,0,NA,0,0,1280
OPERA_L3_DIST-ALERT-HLS_T53KQV_20240703T010729Z_20240707T085258Z_S2B_30_v1,20240703T010729Z,20240707T085258Z,0,0,0,200,0,0,NA,0,0,1280,0,3,0,0,NA,0,0,1280
OPERA_L3_DIST-ALERT-HLS_T53KQV_20240704T004657Z_20240707T085323Z_L9_30_v1,20240704T004657Z,20240707T085323Z,0,NA,NA,200,0,0,NA,0,0,1280,0,NA,0,0,NA,0,0,1280
OPERA_L3_DIST-ALERT-HLS_T53KQV_20240705T005711Z_20240708T095738Z_S2A_30_v1,20240705T005711Z,20240708T095738Z,0,NA,NA,200,0,0,NA,0,0,1280,0,NA,0,0,NA,0,0,1280
OPERA_L3_DIST-ALERT-HLS_T53KQV_20240708T010731Z_20240710T141944Z_S2A_30_v1,20240708T010731Z,20240710T141944Z,0,0,0,200,0,0,NA,0,0,1285,0,3,0,0,NA,0,0,1285
OPERA_L3_DIST-ALERT-HLS_T53KQV_20240710T005709Z_20240712T095830Z_S2B_30_v1,20240710T005709Z,20240712T095830Z,0,NA,NA,200,0,0,NA,0,0,1285,0,NA,0,0,NA,0,0,1285
OPERA_L3_DIST-ALERT-HLS_T53KQV_20240711T005252Z_20240713T045348Z_L9_30_v1,20240711T005252Z,20240713T045348Z,0,0,0,200,0,0,NA,0,0,1288,0,3,0,0,NA,0,0,1288
OPERA_L3_DIST-ALERT-HLS_T53KQV_20240712T004706Z_20240714T020833Z_L8_30_v1,20240712T004706Z,20240714T020833Z,0,NA,NA,200,0,0,NA,0,0,1288,0,NA,0,0,NA,0,0,1288
OPERA_L3_DIST-ALERT-HLS_T53KQV_20240713T010729Z_20240715T065925Z_S2B_30_v1,20240713T010729Z,20240715T065925Z,0,0,0,200,0,0,NA,0,0,1290,0,2,0,0,NA,0,0,1290
OPERA_L3_DIST-ALERT-HLS_T53KQV_20240715T005711Z_20240717T015953Z_S2A_30_v1,20240715T005711Z,20240717T015953Z,0,NA,NA,200,0,0,NA,0,0,1290,0,NA,0,0,NA,0,0,1290
OPERA_L3_DIST-ALERT-HLS_T53KQV_20240718T010731Z_20240720T070139Z_S2A_30_v1,20240718T010731Z,20240720T070139Z,0,0,0,200,0,0,NA,0,0,1295,0,2,0,0,NA,0,0,1295
OPERA_L3_DIST-ALERT-HLS_T53KQV_20240719T005302Z_20240721T054445Z_L8_30_v1,20240719T005302Z,20240721T054445Z,0,0,0,200,0,0,NA,0,0,1296,0,3,0,0,NA,0,0,1296
OPERA_L3_DIST-ALERT-HLS_T53KQV_20240720T004709Z_20240723T084006Z_L9_30_v1,20240720T004709Z,20240723T084006Z,0,NA,NA,200,0,0,NA,0,0,1296,0,NA,0,0,NA,0,0,1296
OPERA_L3_DIST-ALERT-HLS_T53KQV_20240720T005709Z_20240723T084031Z_S2B_30_v1,20240720T005709Z,20240723T084031Z,0,NA,NA,200,0,0,NA,0,0,1296,0,NA,0,0,NA,0,0,1296
OPERA_L3_DIST-ALERT-HLS_T53KQV_20240723T010729Z_20240725T113903Z_S2B_30_v1,20240723T010729Z,20240725T113903Z,0,0,0,200,0,0,NA,0,0,1300,0,2,0,0,NA,0,0,1300
OPERA_L3_DIST-ALERT-HLS_T53KQV_20240725T005711Z_20240727T082011Z_S2A_30_v1,20240725T005711Z,20240727T082011Z,0,NA,NA,200,0,0,NA,0,0,1300,0,NA,0,0,NA,0,0,1300
OPERA_L3_DIST-ALERT-HLS_T53KQV_20240727T005255Z_20240731T071523Z_L9_30_v1,20240727T005255Z,20240731T071523Z,0,NA,NA,200,0,0,NA,0,0,1300,0,NA,0,0,NA,0,0,1300
OPERA_L3_DIST-ALERT-HLS_T53KQV_20240728T010731Z_20240730T090609Z_S2A_30_v1,20240728T010731Z,20240730T090609Z,0,NA,NA,200,0,0,NA,0,0,1300,0,NA,0,0,NA,0,0,1300
OPERA_L3_DIST-ALERT-HLS_T53KQV_20240730T005709Z_20240801T085051Z_S2B_30_v1,20240730T005709Z,20240801T085051Z,0,NA,NA,200,0,0,NA,0,0,1300,0,NA,0,0,NA,0,0,1300
OPERA_L3_DIST-ALERT-HLS_T53KQV_20240802T010729Z_20240804T085034Z_S2B_30_v1,20240802T010729Z,20240804T085034Z,0,0,0,200,0,0,NA,0,0,1310,0,1,0,0,NA,0,0,1310
OPERA_L3_DIST-ALERT-HLS_T53KQV_20240804T005304Z_20240806T022718Z_L8_30_v1,20240804T005304Z,20240806T022718Z,0,0,0,200,0,0,NA,0,0,1312,0,2,0,0,NA,0,0,1312
OPERA_L3_DIST-ALERT-HLS_T53KQV_20240804T005711Z_20240806T111333Z_S2A_30_v1,20240804T005711Z,20240806T111333Z,0,NA,NA,200,0,0,NA,0,0,1312,0,NA,0,0,NA,0,0,1312
OPERA_L3_DIST-ALERT-HLS_T53KQV_20240805T004713Z_20240807T084601Z_L9_30_v1,20240805T004713Z,20240807T084601Z,0,NA,NA,200,0,0,NA,0,0,1312,0,NA,0,0,NA,0,0,1312
OPERA_L3_DIST-ALERT-HLS_T53KQV_20240807T010731Z_20240809T101038Z_S2A_30_v1,20240807T010731Z,20240809T101038Z,0,0,0,200,0,0,NA,0,0,1315,0,2,0,0,NA,0,0,1315
OPERA_L3_DIST-ALERT-HLS_T53KQV_20240809T005709Z_20240811T104922Z_S2B_30_v1,20240809T005709Z,20240811T104922Z,0,NA,NA,200,0,0,NA,0,0,1315,0,NA,0,0,NA,0,0,1315
OPERA_L3_DIST-ALERT-HLS_T53KQV_20240812T005304Z_20240814T020139Z_L9_30_v1,20240812T005304Z,20240814T020139Z,0,0,0,200,0,0,NA,0,0,1320,0,2,0,0,NA,0,0,1320
OPERA_L3_DIST-ALERT-HLS_T53KQV_20240812T010729Z_20240814T060558Z_S2B_30_v1,20240812T010729Z,20240814T060558Z,0,0,0,200,0,0,NA,0,0,1320,0,1,0,0,NA,0,0,1320
OPERA_L3_DIST-ALERT-HLS_T53KQV_20240813T004721Z_20240815T050448Z_L8_30_v1,20240813T004721Z,20240815T050448Z,0,NA,NA,200,0,0,NA,0,0,1320,0,NA,0,0,NA,0,0,1320
OPERA_L3_DIST-ALERT-HLS_T53KQV_20240814T005711Z_20240816T021224Z_S2A_30_v1,20240814T005711Z,20240816T021224Z,0,NA,NA,200,0,0,NA,0,0,1320,0,NA,0,0,NA,0,0,1320
OPERA_L3_DIST-ALERT-HLS_T53KQV_20240817T010731Z_20240819T180646Z_S2A_30_v1,20240817T010731Z,20240819T180646Z,0,0,0,200,0,0,NA,0,0,1325,0,1,0,0,NA,0,0,1325
OPERA_L3_DIST-ALERT-HLS_T53KQV_20240819T005709Z_20240907T113448Z_S2B_30_v1,20240819T005709Z,20240907T113448Z,0,NA,NA,200,0,0,NA,0,0,1325,0,NA,0,0,NA,0,0,1325
OPERA_L3_DIST-ALERT-HLS_T53KQV_20240820T005314Z_20240907T113528Z_L8_30_v1,20240820T005314Z,20240907T113528Z,0,0,0,200,0,0,NA,0,0,1328,0,1,0,0,NA,0,0,1328
OPERA_L3_DIST-ALERT-HLS_T53KQV_20240821T004725Z_20240907T113558Z_L9_30_v1,20240821T004725Z,20240907T113558Z,0,NA,NA,200,0,0,NA,0,0,1328,0,NA,0,0,NA,0,0,1328
OPERA_L3_DIST-ALERT-HLS_T53KQV_20240822T010729Z_20240907T113633Z_S2B_30_v1,20240822T010729Z,20240907T113633Z,0,0,0,200,0,0,NA,0,0,1330,0,1,0,0,NA,0,0,1330
OPERA_L3_DIST-ALERT-HLS_T53KQV_20240824T005701Z_20240907T113727Z_S2A_30_v1,20240824T005701Z,20240907T113727Z,0,NA,NA,200,0,0,NA,0,0,1330,0,NA,0,0,NA,0,0,1330
OPERA_L3_DIST-ALERT-HLS_T53KQV_20240827T010721Z_20240907T113811Z_S2A_30_v1,20240827T010721Z,20240907T113811Z,0,0,0,200,0,0,NA,0,0,1335,0,1,0,0,NA,0,0,1335
OPERA_L3_DIST-ALERT-HLS_T53KQV_20240828T005316Z_20240907T113907Z_L9_30_v1,20240828T005316Z,20240907T113907Z,0,0,0,200,0,0,NA,0,0,1336,0,1,0,0,NA,0,0,1336
OPERA_L3_DIST-ALERT-HLS_T53KQV_20240829T004727Z_20240907T113954Z_L8_30_v1,20240829T004727Z,20240907T113954Z,0,NA,NA,200,0,0,NA,0,0,1336,0,NA,0,0,NA,0,0,1336
OPERA_L3_DIST-ALERT-HLS_T53KQV_20240829T005709Z_20240907T114029Z_S2B_30_v1,20240829T005709Z,20240907T114029Z,0,NA,NA,200,0,0,NA,0,0,1336,0,NA,0,0,NA,0,0,1336
OPERA_L3_DIST-ALERT-HLS_T53KQV_20240901T010729Z_20240907T114153Z_S2B_30_v1,20240901T010729Z,20240907T114153Z,0,0,0,200,0,0,NA,0,0,1340,0,1,0,0,NA,0,0,1340
OPERA_L3_DIST-ALERT-HLS_T53KQV_20240903T005711Z_20240908T121124Z_S2A_30_v1,20240903T005711Z,20240908T121124Z,0,NA,NA,200,0,0,NA,0,0,1340,0,NA,0,0,NA,0,0,1340
OPERA_L3_DIST-ALERT-HLS_T53KQV_20240905T005322Z_20240908T121147Z_L8_30_v1,20240905T005322Z,20240908T121147Z,0,0,0,200,0,0,NA,0,0,1344,0,1,0,0,NA,0,0,1344
OPERA_L3_DIST-ALERT-HLS_T53KQV_20240906T004723Z_20240908T201003Z_L9_30_v1,20240906T004723Z,20240908T201003Z,0,NA,NA,200,0,0,NA,0,0,1344,0,NA,0,0,NA,0,0,1344
OPERA_L3_DIST-ALERT-HLS_T53KQV_20240906T010731Z_20240908T201026Z_S2A_30_v1,20240906T010731Z,20240908T201026Z,0,0,0,200,0,0,NA,0,0,1345,0,1,0,0,NA,0,0,1345
OPERA_L3_DIST-ALERT-HLS_T53KQV_20240908T005709Z_20240910T052635Z_S2B_30_v1,20240908T005709Z,20240910T052635Z,0,NA,NA,200,0,0,NA,0,0,1345,0,NA,0,0,NA,0,0,1345
OPERA_L3_DIST-ALERT-HLS_T53KQV_20240911T010729Z_20240913T064010Z_S2B_30_v1,20240911T010729Z,20240913T064010Z,0,0,0,200,0,0,NA,0,0,1350,0,2,0,0,NA,0,0,1350
OPERA_L3_DIST-ALERT-HLS_T53KQV_20240913T005319Z_20240915T024814Z_L9_30_v1,20240913T005319Z,20240915T024814Z,0,0,0,200,0,0,NA,0,0,1352,0,2,0,0,NA,0,0,1352
OPERA_L3_DIST-ALERT-HLS_T53KQV_20240913T005701Z_20240915T074250Z_S2A_30_v1,20240913T005701Z,20240915T074250Z,0,NA,NA,200,0,0,NA,0,0,1352,0,NA,0,0,NA,0,0,1352
OPERA_L3_DIST-ALERT-HLS_T53KQV_20240914T004737Z_20240916T052724Z_L8_30_v1,20240914T004737Z,20240916T052724Z,0,NA,NA,200,0,0,NA,0,0,1352,0,NA,0,0,NA,0,0,1352
OPERA_L3_DIST-ALERT-HLS_T53KQV_20240916T010731Z_20240918T073050Z_S2A_30_v1,20240916T010731Z,20240918T073050Z,0,0,0,200,0,0,NA,0,0,1355,0,1,0,0,NA,0,0,1355
OPERA_L3_DIST-ALERT-HLS_T53KQV_20240918T005659Z_20240923T114515Z_S2B_30_v1,20240918T005659Z,20240923T114515Z,0,NA,NA,200,0,0,NA,0,0,1355,0,NA,0,0,NA,0,0,1355
OPERA_L3_DIST-ALERT-HLS_T53KQV_20240921T005324Z_20240924T022114Z_L8_30_v1,20240921T005324Z,20240924T022114Z,0,NA,NA,200,0,0,NA,0,0,1355,0,NA,0,0,NA,0,0,1355
OPERA_L3_DIST-ALERT-HLS_T53KQV_20240921T010719Z_20240924T183144Z_S2B_30_v1,20240921T010719Z,20240924T183144Z,0,NA,NA,200,0,0,NA,0,0,1355,0,NA,0,0,NA,0,0,1355
OPERA_L3_DIST-ALERT-HLS_T53KQV_20240922T004728Z_20240924T073450Z_L9_30_v1,20240922T004728Z,20240924T073450Z,0,NA,NA,200,0,0,NA,0,0,1355,0,NA,0,0,NA,0,0,1355
OPERA_L3_DIST-ALERT-HLS_T53KQV_20240923T005711Z_20240925T062611Z_S2A_30_v1,20240923T005711Z,20240925T062611Z,0,NA,NA,200,0,0,NA,0,0,1355,0,NA,0,0,NA,0,0,1355
OPERA_L3_DIST-ALERT-HLS_T53KQV_20240928T005709Z_20241002T010826Z_S2B_30_v1,20240928T005709Z,20241002T010826Z,0,NA,NA,200,0,0,NA,0,0,1355,0,NA,0,0,NA,0,0,1355
OPERA_L3_DIST-ALERT-HLS_T53KQV_20240929T005323Z_20241002T165429Z_L9_30_v1,20240929T005323Z,20241002T165429Z,0,0,0,200,0,0,NA,0,0,1368,0,3,0,0,NA,0,0,1368
OPERA_L3_DIST-ALERT-HLS_T53KQV_20240930T004730Z_20241002T075936Z_L8_30_v1,20240930T004730Z,20241002T075936Z,0,NA,NA,200,0,0,NA,0,0,1355,0,NA,0,0,NA,0,0,1355
OPERA_L3_DIST-ALERT-HLS_T53KQV_20241001T010729Z_20241003T061612Z_S2B_30_v1,20241001T010729Z,20241003T061612Z,0,0,0,200,0,0,NA,0,0,1370,0,2,0,0,NA,0,0,1370
OPERA_L3_DIST-ALERT-HLS_T53KQV_20241003T005711Z_20241005T062405Z_S2A_30_v1,20241003T005711Z,20241005T062405Z,0,NA,NA,200,0,0,NA,0,0,1370,0,NA,0,0,NA,0,0,1370
OPERA_L3_DIST-ALERT-HLS_T53KQV_20241006T010731Z_20241008T063757Z_S2A_30_v1,20241006T010731Z,20241008T063757Z,0,0,16,200,0,0,NA,0,0,1375,0,3,0,0,NA,0,0,1375
OPERA_L3_DIST-ALERT-HLS_T53KQV_20241008T004736Z_20241010T085302Z_L9_30_v1,20241008T004736Z,20241010T085302Z,0,NA,NA,200,0,0,NA,0,0,1375,0,NA,0,0,NA,0,0,1375
OPERA_L3_DIST-ALERT-HLS_T53KQV_20241008T005709Z_20241010T074740Z_S2B_30_v1,20241008T005709Z,20241010T074740Z,0,NA,NA,200,0,0,NA,0,0,1375,0,NA,0,0,NA,0,0,1375
OPERA_L3_DIST-ALERT-HLS_T53KQV_20241011T010729Z_20241013T063727Z_S2B_30_v1,20241011T010729Z,20241013T063727Z,0,0,4,200,0,0,NA,0,0,1380,0,2,0,0,NA,0,0,1380
OPERA_L3_DIST-ALERT-HLS_T53KQV_20241013T005701Z_20241019T033621Z_S2A_30_v1,20241013T005701Z,20241019T033621Z,0,NA,NA,200,0,0,NA,0,0,1380,0,NA,0,0,NA,0,0,1380
OPERA_L3_DIST-ALERT-HLS_T53KQV_20241015T005330Z_20241019T033653Z_L9_30_v1,20241015T005330Z,20241019T033653Z,0,0,0,200,0,0,NA,0,0,1384,0,3,0,0,NA,0,0,1384
OPERA_L3_DIST-ALERT-HLS_T53KQV_20241016T004746Z_20241022T014826Z_L8_30_v1,20241016T004746Z,20241022T014826Z,0,NA,NA,200,0,0,NA,0,0,1384,0,NA,0,0,NA,0,0,1384
OPERA_L3_DIST-ALERT-HLS_T53KQV_20241016T010731Z_20241022T032201Z_S2A_30_v1,20241016T010731Z,20241022T032201Z,0,0,13,200,0,0,NA,0,0,1385,0,3,0,0,NA,0,0,1385
OPERA_L3_DIST-ALERT-HLS_T53KQV_20241018T005709Z_20241022T112203Z_S2B_30_v1,20241018T005709Z,20241022T112203Z,0,NA,NA,200,0,0,NA,0,0,1385,0,NA,0,0,NA,0,0,1385
OPERA_L3_DIST-ALERT-HLS_T53KQV_20241021T010729Z_20241023T121230Z_S2B_30_v1,20241021T010729Z,20241023T121230Z,0,0,3,200,0,0,NA,0,0,1390,0,2,0,0,NA,0,0,1390
OPERA_L3_DIST-ALERT-HLS_T53KQV_20241023T005333Z_20241025T044732Z_L8_30_v1,20241023T005333Z,20241025T044732Z,0,0,0,200,0,0,NA,0,0,1392,0,3,0,0,NA,0,0,1392
OPERA_L3_DIST-ALERT-HLS_T53KQV_20241023T005711Z_20241025T020136Z_S2A_30_v1,20241023T005711Z,20241025T020136Z,0,NA,NA,200,0,0,NA,0,0,1390,0,NA,0,0,NA,0,0,1390
OPERA_L3_DIST-ALERT-HLS_T53KQV_20241024T004752Z_20241026T101032Z_L9_30_v1,20241024T004752Z,20241026T101032Z,0,NA,NA,200,0,0,NA,0,0,1390,0,NA,0,0,NA,0,0,1390
OPERA_L3_DIST-ALERT-HLS_T53KQV_20241026T010731Z_20241028T050938Z_S2A_30_v1,20241026T010731Z,20241028T050938Z,0,0,4,200,0,0,NA,0,0,1395,0,3,0,0,NA,0,0,1395
OPERA_L3_DIST-ALERT-HLS_T53KQV_20241028T005709Z_20241030T030242Z_S2B_30_v1,20241028T005709Z,20241030T030242Z,0,NA,NA,200,0,0,NA,0,0,1395,0,NA,0,0,NA,0,0,1395
OPERA_L3_DIST-ALERT-HLS_T53KQV_20241031T005336Z_20241102T032358Z_L9_30_v1,20241031T005336Z,20241102T032358Z,0,NA,NA,200,0,0,NA,0,0,1395,0,NA,0,0,NA,0,0,1395
OPERA_L3_DIST-ALERT-HLS_T53KQV_20241031T010729Z_20241102T032419Z_S2B_30_v1,20241031T010729Z,20241102T032419Z,0,NA,NA,200,0,0,NA,0,0,1395,0,NA,0,0,NA,0,0,1395
OPERA_L3_DIST-ALERT-HLS_T53KQV_20241101T004736Z_20241107T230617Z_L8_30_v1,20241101T004736Z,20241107T230617Z,0,NA,NA,200,0,0,NA,0,0,1395,0,NA,0,0,NA,0,0,1395
OPERA_L3_DIST-ALERT-HLS_T53KQV_20241102T005711Z_20241108T134931Z_S2A_30_v1,20241102T005711Z,20241108T134931Z,0,NA,NA,200,0,0,NA,0,0,1395,0,NA,0,0,NA,0,0,1395
OPERA_L3_DIST-ALERT-HLS_T53KQV_20241107T005659Z_20241110T042832Z_S2B_30_v1,20241107T005659Z,20241110T042832Z,0,NA,NA,200,0,0,NA,0,0,1395,0,NA,0,0,NA,0,0,1395
OPERA_L3_DIST-ALERT-HLS_T53KQV_20241108T005330Z_20241110T061925Z_L8_30_v1,20241108T005330Z,20241110T061925Z,0,0,2,200,0,0,NA,0,0,1408,0,4,0,0,NA,0,0,1408
OPERA_L3_DIST-ALERT-HLS_T53KQV_20241109T004747Z_20241111T014843Z_L9_30_v1,20241109T004747Z,20241111T014843Z,0,NA,NA,200,0,0,NA,0,0,1408,0,NA,0,0,NA,0,0,1408
OPERA_L3_DIST-ALERT-HLS_T53KQV_20241110T010719Z_20241117T223222Z_S2B_30_v1,20241110T010719Z,20241117T223222Z,0,0,3,200,0,0,NA,0,0,1410,0,3,0,0,NA,0,0,1410
OPERA_L3_DIST-ALERT-HLS_T53KQV_20241112T005711Z_20241118T100332Z_S2A_30_v1,20241112T005711Z,20241118T100332Z,0,NA,NA,200,0,0,NA,0,0,1410,0,NA,0,0,NA,0,0,1410
OPERA_L3_DIST-ALERT-HLS_T53KQV_20241115T010731Z_20241118T100353Z_S2A_30_v1,20241115T010731Z,20241118T100353Z,0,NA,NA,200,0,0,NA,0,0,1410,0,NA,0,0,NA,0,0,1410
OPERA_L3_DIST-ALERT-HLS_T53KQV_20241116T005335Z_20241118T113453Z_L9_30_v1,20241116T005335Z,20241118T113453Z,0,0,5,200,0,0,NA,0,0,1416,0,4,0,0,NA,0,0,1416
OPERA_L3_DIST-ALERT-HLS_T53KQV_20241117T004744Z_20241119T020558Z_L8_30_v1,20241117T004744Z,20241119T020558Z,0,NA,NA,200,0,0,NA,0,0,1416,0,NA,0,0,NA,0,0,1416
OPERA_L3_DIST-ALERT-HLS_T53KQV_20241117T005709Z_20241119T054003Z_S2B_30_v1,20241117T005709Z,20241119T054003Z,0,NA,NA,200,0,0,NA,0,0,1416,0,NA,0,0,NA,0,0,1416
OPERA_L3_DIST-ALERT-HLS_T53KQV_20241120T010729Z_20241202T032501Z_S2B_30_v1,20241120T010729Z,20241202T032501Z,0,NA,NA,200,0,0,NA,0,0,1416,0,NA,0,0,NA,0,0,1416
OPERA_L3_DIST-ALERT-HLS_T53KQV_20241122T005711Z_20241203T023120Z_S2A_30_v1,20241122T005711Z,20241203T023120Z,0,NA,NA,200,0,0,NA,0,0,1416,0,NA,0,0,NA,0,0,1416
OPERA_L3_DIST-ALERT-HLS_T53KQV_20241124T005339Z_20241203T023150Z_L8_30_v1,20241124T005339Z,20241203T023150Z,0,NA,NA,200,0,0,NA,0,0,1416,0,NA,0,0,NA,0,0,1416
OPERA_L3_DIST-ALERT-HLS_T53KQV_20241125T004758Z_20241203T023220Z_L9_30_v1,20241125T004758Z,20241203T023220Z,0,NA,NA,200,0,0,NA,0,0,1416,0,NA,0,0,NA,0,0,1416
OPERA_L3_DIST-ALERT-HLS_T53KQV_20241125T010721Z_20241203T023251Z_S2A_30_v1,20241125T010721Z,20241203T023251Z,0,NA,NA,200,0,0,NA,0,0,1416,0,NA,0,0,NA,0,0,1416
OPERA_L3_DIST-ALERT-HLS_T53KQV_20241130T010729Z_20241203T023320Z_S2B_30_v1,20241130T010729Z,20241203T023320Z,0,NA,NA,200,0,0,NA,0,0,1416,0,NA,0,0,NA,0,0,1416
OPERA_L3_DIST-ALERT-HLS_T53KQV_20241202T005344Z_20241204T174302Z_L9_30_v1,20241202T005344Z,20241204T174302Z,0,NA,NA,200,0,0,NA,0,0,1416,0,NA,0,0,NA,0,0,1416
OPERA_L3_DIST-ALERT-HLS_T53KQV_20241203T004752Z_20241205T024423Z_L8_30_v1,20241203T004752Z,20241205T024423Z,0,NA,NA,200,0,0,NA,0,0,1416,0,NA,0,0,NA,0,0,1416
OPERA_L3_DIST-ALERT-HLS_T53KQV_20241205T010731Z_20241207T093426Z_S2A_30_v1,20241205T010731Z,20241207T093426Z,0,NA,NA,200,0,0,NA,0,0,1416,0,NA,0,0,NA,0,0,1416
OPERA_L3_DIST-ALERT-HLS_T53KQV_20241207T005709Z_20241211T062836Z_S2B_30_v1,20241207T005709Z,20241211T062836Z,0,NA,NA,200,0,0,NA,0,0,1416,0,NA,0,0,NA,0,0,1416
OPERA_L3_DIST-ALERT-HLS_T53KQV_20241210T005330Z_20241212T020625Z_L8_30_v1,20241210T005330Z,20241212T020625Z,0,NA,NA,200,0,0,NA,0,0,1416,0,NA,0,0,NA,0,0,1416
OPERA_L3_DIST-ALERT-HLS_T53KQV_20241210T010729Z_20241212T093858Z_S2B_30_v1,20241210T010729Z,20241212T093858Z,0,NA,NA,200,0,0,NA,0,0,1416,0,NA,0,0,NA,0,0,1416
OPERA_L3_DIST-ALERT-HLS_T53KQV_20241211T004748Z_20241213T221139Z_L9_30_v1,20241211T004748Z,20241213T221139Z,0,NA,NA,200,0,0,NA,0,0,1416,0,NA,0,0,NA,0,0,1416
OPERA_L3_DIST-ALERT-HLS_T53KQV_20241212T005711Z_20241214T061158Z_S2A_30_v1,20241212T005711Z,20241214T061158Z,0,NA,NA,200,0,0,NA,0,0,1416,0,NA,0,0,NA,0,0,1416
OPERA_L3_DIST-ALERT-HLS_T53KQV_20241215T010731Z_20241217T043712Z_S2A_30_v1,20241215T010731Z,20241217T043712Z,0,0,3,200,0,0,NA,0,0,1445,0,1,0,0,NA,0,0,1445
OPERA_L3_DIST-ALERT-HLS_T53KQV_20241217T005709Z_20241219T042331Z_S2B_30_v1,20241217T005709Z,20241219T042331Z,0,NA,NA,200,0,0,NA,0,0,1445,0,NA,0,0,NA,0,0,1445
OPERA_L3_DIST-ALERT-HLS_T53KQV_20241218T005339Z_20241220T020949Z_L9_30_v1,20241218T005339Z,20241220T020949Z,0,0,0,200,0,0,NA,0,0,1448,0,2,0,0,NA,0,0,1448
OPERA_L3_DIST-ALERT-HLS_T53KQV_20241219T004743Z_20241221T020236Z_L8_30_v1,20241219T004743Z,20241221T020236Z,0,NA,NA,200,0,0,NA,0,0,1448,0,NA,0,0,NA,0,0,1448
OPERA_L3_DIST-ALERT-HLS_T53KQV_20241220T010729Z_20241222T044751Z_S2B_30_v1,20241220T010729Z,20241222T044751Z,0,NA,NA,200,0,0,NA,0,0,1448,0,NA,0,0,NA,0,0,1448
OPERA_L3_DIST-ALERT-HLS_T53KQV_20241222T005711Z_20241224T045748Z_S2A_30_v1,20241222T005711Z,20241224T045748Z,0,NA,NA,200,0,0,NA,0,0,1448,0,NA,0,0,NA,0,0,1448
OPERA_L3_DIST-ALERT-HLS_T53KQV_20241225T010731Z_20241227T015648Z_S2A_30_v1,20241225T010731Z,20241227T015648Z,0,0,10,200,0,0,NA,0,0,1455,0,4,0,0,NA,0,0,1455
OPERA_L3_DIST-ALERT-HLS_T53KQV_20241226T005332Z_20241231T230515Z_L8_30_v1,20241226T005332Z,20241231T230515Z,0,0,11,200,0,0,NA,0,0,1456,0,2,0,0,NA,0,0,1456
OPERA_L3_DIST-ALERT-HLS_T53KQV_20241227T004753Z_20241229T014908Z_L9_30_v1,20241227T004753Z,20241229T014908Z,0,NA,NA,200,0,0,NA,0,0,1455,0,NA,0,0,NA,0,0,1455
OPERA_L3_DIST-ALERT-HLS_T53KQV_20241227T005709Z_20241229T014943Z_S2B_30_v1,20241227T005709Z,20241229T014943Z,0,NA,NA,200,0,0,NA,0,0,1455,0,NA,0,0,NA,0,0,1455
OPERA_L3_DIST-ALERT-HLS_T53KQV_20241230T010729Z_20250101T021833Z_S2B_30_v1,20241230T010729Z,20250101T021833Z,0,NA,NA,200,0,0,NA,0,0,1455,0,NA,0,0,NA,0,0,1455
