granuleID,SensingTime,ProductionTime,VEG-DIST-STATUS,VEG-ANOM,VEG-IND,VEG-HIST,VEG-ANOM-MAX,VEG-DIST-CONF,VEG-DIST-DATE,VEG-DIST-COUNT,VEG-DIST-DUR,VEG-LAST-DATE,GEN-DIST-STATUS,GEN-ANOM,GEN-ANOM-MAX,GEN-DIST-CONF,GEN-DIST-DATE,GEN-DIST-COUNT,GEN-DIST-DUR,GEN-LAST-DATE
OPERA_L3_DIST-ALERT-HLS_T20TLP_20240103T151649Z_20240207T221754Z_S2B_30_v1,20240103T151649Z,20240207T221754Z,0,0,0,200,0,0,NA,0,0,1098,0,NA,0,0,NA,0,0,1092
OPERA_L3_DIST-ALERT-HLS_T20TLP_20240105T150149Z_20240207T221823Z_L9_30_v1,20240105T150149Z,20240207T221823Z,0,NA,NA,200,0,0,NA,0,0,1098,0,NA,0,0,NA,0,0,1092
OPERA_L3_DIST-ALERT-HLS_T20TLP_20240106T152629Z_20240207T221852Z_S2B_30_v1,20240106T152629Z,20240207T221852Z,0,0,0,200,0,0,NA,0,0,1101,0,NA,0,0,NA,0,0,1092
OPERA_L3_DIST-ALERT-HLS_T20TLP_20240108T151641Z_20240207T221921Z_S2A_30_v1,20240108T151641Z,20240207T221921Z,0,0,0,200,0,0,NA,0,0,1103,0,NA,0,0,NA,0,0,1092
OPERA_L3_DIST-ALERT-HLS_T20TLP_20240111T152621Z_20240208T151001Z_S2A_30_v1,20240111T152621Z,20240208T151001Z,0,NA,NA,200,0,0,NA,0,0,1103,0,NA,0,0,NA,0,0,1092
OPERA_L3_DIST-ALERT-HLS_T20TLP_20240112T150803Z_20240208T151020Z_L9_30_v1,20240112T150803Z,20240208T151020Z,0,0,0,200,0,0,NA,0,0,1107,0,NA,0,0,NA,0,0,1092
OPERA_L3_DIST-ALERT-HLS_T20TLP_20240118T151641Z_20240208T151039Z_S2A_30_v1,20240118T151641Z,20240208T151039Z,0,NA,NA,200,0,0,NA,0,0,1107,0,NA,0,0,NA,0,0,1092
OPERA_L3_DIST-ALERT-HLS_T20TLP_20240121T152621Z_20240208T151058Z_S2A_30_v1,20240121T152621Z,20240208T151058Z,0,NA,NA,200,0,0,NA,0,0,1107,0,NA,0,0,NA,0,0,1092
OPERA_L3_DIST-ALERT-HLS_T20TLP_20240123T151649Z_20240208T151117Z_S2B_30_v1,20240123T151649Z,20240208T151117Z,0,NA,NA,200,0,0,NA,0,0,1107,0,NA,0,0,NA,0,0,1092
OPERA_L3_DIST-ALERT-HLS_T20TLP_20240205T152629Z_20240213T152154Z_S2B_30_v1,20240205T152629Z,20240213T152154Z,0,NA,NA,200,0,0,NA,0,0,1107,0,NA,0,0,NA,0,0,1092
OPERA_L3_DIST-ALERT-HLS_T20TLP_20240207T151651Z_20240213T152214Z_S2A_30_v1,20240207T151651Z,20240213T152214Z,0,NA,NA,200,0,0,NA,0,0,1107,0,NA,0,0,NA,0,0,1092
OPERA_L3_DIST-ALERT-HLS_T20TLP_20240210T152621Z_20240213T152233Z_S2A_30_v1,20240210T152621Z,20240213T152233Z,0,NA,NA,200,0,0,NA,0,0,1107,0,NA,0,0,NA,0,0,1092
OPERA_L3_DIST-ALERT-HLS_T20TLP_20240212T151649Z_20240220T002628Z_S2B_30_v1,20240212T151649Z,20240220T002628Z,0,0,0,200,0,0,NA,0,0,1138,0,NA,0,0,NA,0,0,1092
OPERA_L3_DIST-ALERT-HLS_T20TLP_20240213T150802Z_20240220T002649Z_L9_30_v1,20240213T150802Z,20240220T002649Z,0,NA,NA,200,0,0,NA,0,0,1138,0,NA,0,0,NA,0,0,1092
OPERA_L3_DIST-ALERT-HLS_T20TLP_20240214T150140Z_20240220T002712Z_L8_30_v1,20240214T150140Z,20240220T002712Z,0,0,0,200,0,0,NA,0,0,1140,0,NA,0,0,NA,0,0,1092
OPERA_L3_DIST-ALERT-HLS_T20TLP_20240215T152629Z_20240220T002734Z_S2B_30_v1,20240215T152629Z,20240220T002734Z,0,NA,NA,200,0,0,NA,0,0,1140,0,NA,0,0,NA,0,0,1092
OPERA_L3_DIST-ALERT-HLS_T20TLP_20240220T152621Z_20240229T185118Z_S2A_30_v1,20240220T152621Z,20240229T185118Z,0,0,0,200,0,0,NA,0,0,1146,0,0,0,0,NA,0,0,1146
OPERA_L3_DIST-ALERT-HLS_T20TLP_20240225T152629Z_20240229T185140Z_S2B_30_v1,20240225T152629Z,20240229T185140Z,0,0,0,200,0,0,NA,0,0,1151,0,1,0,0,NA,0,0,1151
OPERA_L3_DIST-ALERT-HLS_T20TLP_20240227T151651Z_20240301T141915Z_S2A_30_v1,20240227T151651Z,20240301T141915Z,0,NA,NA,200,0,0,NA,0,0,1151,0,NA,0,0,NA,0,0,1151
OPERA_L3_DIST-ALERT-HLS_T20TLP_20240229T150755Z_20240305T142343Z_L9_30_v1,20240229T150755Z,20240305T142343Z,0,NA,NA,200,0,0,NA,0,0,1151,0,NA,0,0,NA,0,0,1151
OPERA_L3_DIST-ALERT-HLS_T20TLP_20240301T150133Z_20240306T182533Z_L8_30_v1,20240301T150133Z,20240306T182533Z,0,0,1,200,0,0,NA,0,0,1156,0,NA,0,0,NA,0,0,1151
OPERA_L3_DIST-ALERT-HLS_T20TLP_20240301T152621Z_20240305T204342Z_S2A_30_v1,20240301T152621Z,20240305T204342Z,0,0,1,200,0,0,NA,0,0,1156,0,NA,0,0,NA,0,0,1151
OPERA_L3_DIST-ALERT-HLS_T20TLP_20240306T152619Z_20240319T183743Z_S2B_30_v1,20240306T152619Z,20240319T183743Z,0,NA,NA,200,0,0,NA,0,0,1156,0,NA,0,0,NA,0,0,1151
OPERA_L3_DIST-ALERT-HLS_T20TLP_20240308T150738Z_20240320T115004Z_L8_30_v1,20240308T150738Z,20240320T115004Z,0,NA,NA,200,0,0,NA,0,0,1156,0,NA,0,0,NA,0,0,1151
OPERA_L3_DIST-ALERT-HLS_T20TLP_20240309T150146Z_20240320T160743Z_L9_30_v1,20240309T150146Z,20240320T160743Z,0,NA,NA,200,0,0,NA,0,0,1156,0,NA,0,0,NA,0,0,1151
OPERA_L3_DIST-ALERT-HLS_T20TLP_20240313T151649Z_20240315T163018Z_S2B_30_v1,20240313T151649Z,20240315T163018Z,0,NA,NA,200,0,0,NA,0,0,1156,0,NA,0,0,NA,0,0,1151
OPERA_L3_DIST-ALERT-HLS_T20TLP_20240316T150756Z_20240321T155454Z_L9_30_v1,20240316T150756Z,20240321T155454Z,0,0,0,200,0,0,NA,0,0,1171,0,3,0,0,NA,0,0,1171
OPERA_L3_DIST-ALERT-HLS_T20TLP_20240316T152629Z_20240321T043533Z_S2B_30_v1,20240316T152629Z,20240321T043533Z,0,NA,NA,200,0,0,NA,0,0,1156,0,NA,0,0,NA,0,0,1151
OPERA_L3_DIST-ALERT-HLS_T20TLP_20240318T151651Z_20240322T050939Z_S2A_30_v1,20240318T151651Z,20240322T050939Z,0,NA,NA,200,0,0,NA,0,0,1156,0,NA,0,0,NA,0,0,1151
OPERA_L3_DIST-ALERT-HLS_T20TLP_20240321T152631Z_20240326T234122Z_S2A_30_v1,20240321T152631Z,20240326T234122Z,0,0,0,200,0,0,NA,0,0,1176,0,2,0,0,NA,0,0,1176
OPERA_L3_DIST-ALERT-HLS_T20TLP_20240324T150727Z_20240326T234144Z_L8_30_v1,20240324T150727Z,20240326T234144Z,0,NA,NA,200,0,0,NA,0,0,1176,0,NA,0,0,NA,0,0,1176
OPERA_L3_DIST-ALERT-HLS_T20TLP_20240325T150140Z_20240329T132331Z_L9_30_v1,20240325T150140Z,20240329T132331Z,0,NA,NA,200,0,0,NA,0,0,1176,0,NA,0,0,NA,0,0,1176
OPERA_L3_DIST-ALERT-HLS_T20TLP_20240401T150747Z_20240405T051841Z_L9_30_v1,20240401T150747Z,20240405T051841Z,0,0,0,200,0,0,NA,0,0,1187,0,1,0,0,NA,0,0,1187
OPERA_L3_DIST-ALERT-HLS_T20TLP_20240402T151649Z_20240405T051912Z_S2B_30_v1,20240402T151649Z,20240405T051912Z,0,0,0,200,0,0,NA,0,0,1188,0,1,0,0,NA,0,0,1188
OPERA_L3_DIST-ALERT-HLS_T20TLP_20240405T152619Z_20240407T143612Z_S2B_30_v1,20240405T152619Z,20240407T143612Z,0,NA,NA,200,0,0,NA,0,0,1188,0,NA,0,0,NA,0,0,1188
OPERA_L3_DIST-ALERT-HLS_T20TLP_20240407T151651Z_20240411T122309Z_S2A_30_v1,20240407T151651Z,20240411T122309Z,0,NA,NA,200,0,0,NA,0,0,1188,0,NA,0,0,NA,0,0,1188
OPERA_L3_DIST-ALERT-HLS_T20TLP_20240409T150722Z_20240412T034638Z_L8_30_v1,20240409T150722Z,20240412T034638Z,0,0,1,200,0,0,NA,0,0,1195,0,0,0,0,NA,0,0,1195
OPERA_L3_DIST-ALERT-HLS_T20TLP_20240410T150132Z_20240412T100347Z_L9_30_v1,20240410T150132Z,20240412T100347Z,0,0,1,200,0,0,NA,0,0,1196,0,1,0,0,NA,0,0,1196
OPERA_L3_DIST-ALERT-HLS_T20TLP_20240410T152631Z_20240412T100406Z_S2A_30_v1,20240410T152631Z,20240412T100406Z,0,0,1,200,0,0,NA,0,0,1196,0,2,0,0,NA,0,0,1196
OPERA_L3_DIST-ALERT-HLS_T20TLP_20240415T152629Z_20240417T112734Z_S2B_30_v1,20240415T152629Z,20240417T112734Z,0,0,1,200,0,0,NA,0,0,1201,0,1,0,0,NA,0,0,1201
OPERA_L3_DIST-ALERT-HLS_T20TLP_20240417T150736Z_20240425T075002Z_L9_30_v1,20240417T150736Z,20240425T075002Z,0,0,0,200,0,0,NA,0,0,1203,0,2,0,0,NA,0,0,1203
OPERA_L3_DIST-ALERT-HLS_T20TLP_20240422T151649Z_20240427T151731Z_S2B_30_v1,20240422T151649Z,20240427T151731Z,0,0,0,200,0,0,NA,0,0,1208,0,2,0,0,NA,0,0,1208
OPERA_L3_DIST-ALERT-HLS_T20TLP_20240425T150713Z_20240428T005047Z_L8_30_v1,20240425T150713Z,20240428T005047Z,0,0,1,200,0,0,NA,0,0,1211,0,1,0,0,NA,0,0,1211
OPERA_L3_DIST-ALERT-HLS_T20TLP_20240425T152619Z_20240428T005129Z_S2B_30_v1,20240425T152619Z,20240428T005129Z,0,0,1,200,0,0,NA,0,0,1211,0,2,0,0,NA,0,0,1211
OPERA_L3_DIST-ALERT-HLS_T20TLP_20240426T150113Z_20240429T042007Z_L9_30_v1,20240426T150113Z,20240429T042007Z,0,NA,NA,200,0,0,NA,0,0,1211,0,NA,0,0,NA,0,0,1211
OPERA_L3_DIST-ALERT-HLS_T20TLP_20240427T151651Z_20240429T200739Z_S2A_30_v1,20240427T151651Z,20240429T200739Z,0,0,0,200,0,0,NA,0,0,1213,0,1,0,0,NA,0,0,1213
OPERA_L3_DIST-ALERT-HLS_T20TLP_20240430T152631Z_20240509T014829Z_S2A_30_v1,20240430T152631Z,20240509T014829Z,0,0,6,200,0,0,NA,0,0,1216,0,3,0,0,NA,0,0,1216
OPERA_L3_DIST-ALERT-HLS_T20TLP_20240502T151649Z_20240508T131450Z_S2B_30_v1,20240502T151649Z,20240508T131450Z,0,0,1,200,0,0,NA,0,0,1218,0,1,0,0,NA,0,0,1218
OPERA_L3_DIST-ALERT-HLS_T20TLP_20240503T150722Z_20240507T092551Z_L9_30_v1,20240503T150722Z,20240507T092551Z,0,NA,NA,200,0,0,NA,0,0,1216,0,NA,0,0,NA,0,0,1216
OPERA_L3_DIST-ALERT-HLS_T20TLP_20240504T150054Z_20240509T014859Z_L8_30_v1,20240504T150054Z,20240509T014859Z,0,NA,NA,200,0,0,NA,0,0,1216,0,NA,0,0,NA,0,0,1216
OPERA_L3_DIST-ALERT-HLS_T20TLP_20240505T152629Z_20240509T014928Z_S2B_30_v1,20240505T152629Z,20240509T014928Z,0,0,7,200,0,0,NA,0,0,1221,0,3,0,0,NA,0,0,1221
OPERA_L3_DIST-ALERT-HLS_T20TLP_20240507T151651Z_20240510T050231Z_S2A_30_v1,20240507T151651Z,20240510T050231Z,0,0,0,200,0,0,NA,0,0,1223,0,1,0,0,NA,0,0,1223
OPERA_L3_DIST-ALERT-HLS_T20TLP_20240511T150700Z_20240517T010427Z_L8_30_v1,20240511T150700Z,20240517T010427Z,0,NA,NA,200,0,0,NA,0,0,1223,0,NA,0,0,NA,0,0,1223
OPERA_L3_DIST-ALERT-HLS_T20TLP_20240512T150110Z_20240514T103201Z_L9_30_v1,20240512T150110Z,20240514T103201Z,0,NA,NA,200,0,0,NA,0,0,1223,0,NA,0,0,NA,0,0,1223
OPERA_L3_DIST-ALERT-HLS_T20TLP_20240512T151649Z_20240517T010507Z_S2B_30_v1,20240512T151649Z,20240517T010507Z,0,NA,NA,200,0,0,NA,0,0,1223,0,NA,0,0,NA,0,0,1223
OPERA_L3_DIST-ALERT-HLS_T20TLP_20240515T152619Z_20240517T125919Z_S2B_30_v1,20240515T152619Z,20240517T125919Z,0,NA,NA,200,0,0,NA,0,0,1223,0,NA,0,0,NA,0,0,1223
OPERA_L3_DIST-ALERT-HLS_T20TLP_20240517T151651Z_20240519T125257Z_S2A_30_v1,20240517T151651Z,20240519T125257Z,0,NA,NA,200,0,0,NA,0,0,1223,0,NA,0,0,NA,0,0,1223
OPERA_L3_DIST-ALERT-HLS_T20TLP_20240520T150042Z_20240524T152500Z_L8_30_v1,20240520T150042Z,20240524T152500Z,0,NA,NA,200,0,0,NA,0,0,1223,0,NA,0,0,NA,0,0,1223
OPERA_L3_DIST-ALERT-HLS_T20TLP_20240520T152631Z_20240522T220936Z_S2A_30_v1,20240520T152631Z,20240522T220936Z,0,NA,NA,200,0,0,NA,0,0,1223,0,NA,0,0,NA,0,0,1223
OPERA_L3_DIST-ALERT-HLS_T20TLP_20240522T151649Z_20240524T133844Z_S2B_30_v1,20240522T151649Z,20240524T133844Z,0,0,1,200,0,0,NA,0,0,1238,0,1,0,0,NA,0,0,1238
OPERA_L3_DIST-ALERT-HLS_T20TLP_20240525T152629Z_20240528T001353Z_S2B_30_v1,20240525T152629Z,20240528T001353Z,0,0,19,200,0,0,NA,0,0,1241,0,3,0,0,NA,0,0,1241
OPERA_L3_DIST-ALERT-HLS_T20TLP_20240527T150649Z_20240529T160910Z_L8_30_v1,20240527T150649Z,20240529T160910Z,0,NA,NA,200,0,0,NA,0,0,1241,0,NA,0,0,NA,0,0,1241
OPERA_L3_DIST-ALERT-HLS_T20TLP_20240530T152631Z_20240601T115002Z_S2A_30_v1,20240530T152631Z,20240601T115002Z,0,NA,NA,200,0,0,NA,0,0,1241,0,NA,0,0,NA,0,0,1241
OPERA_L3_DIST-ALERT-HLS_T20TLP_20240601T151649Z_20240603T111455Z_S2B_30_v1,20240601T151649Z,20240603T111455Z,0,NA,NA,200,0,0,NA,0,0,1241,0,NA,0,0,NA,0,0,1241
OPERA_L3_DIST-ALERT-HLS_T20TLP_20240604T150708Z_20240606T164847Z_L9_30_v1,20240604T150708Z,20240606T164847Z,0,NA,NA,200,0,0,NA,0,0,1241,0,NA,0,0,NA,0,0,1241
OPERA_L3_DIST-ALERT-HLS_T20TLP_20240604T152629Z_20240606T164915Z_S2B_30_v1,20240604T152629Z,20240606T164915Z,0,NA,NA,200,0,0,NA,0,0,1241,0,NA,0,0,NA,0,0,1241
OPERA_L3_DIST-ALERT-HLS_T20TLP_20240605T150040Z_20240608T072758Z_L8_30_v1,20240605T150040Z,20240608T072758Z,0,0,1,200,0,0,NA,0,0,1252,0,1,0,0,NA,0,0,1252
OPERA_L3_DIST-ALERT-HLS_T20TLP_20240606T151651Z_20240612T013240Z_S2A_30_v1,20240606T151651Z,20240612T013240Z,0,NA,NA,200,0,0,NA,0,0,1252,0,NA,0,0,NA,0,0,1252
OPERA_L3_DIST-ALERT-HLS_T20TLP_20240609T152631Z_20240612T035301Z_S2A_30_v1,20240609T152631Z,20240612T035301Z,0,0,14,200,0,0,NA,0,0,1256,0,6,0,0,NA,0,0,1256
OPERA_L3_DIST-ALERT-HLS_T20TLP_20240611T151649Z_20240613T132647Z_S2B_30_v1,20240611T151649Z,20240613T132647Z,0,0,0,200,0,0,NA,0,0,1258,0,1,0,0,NA,0,0,1258
OPERA_L3_DIST-ALERT-HLS_T20TLP_20240612T150650Z_20240623T144619Z_L8_30_v1,20240612T150650Z,20240623T144619Z,0,0,8,200,0,0,NA,0,0,1259,0,1,0,0,NA,0,0,1259
OPERA_L3_DIST-ALERT-HLS_T20TLP_20240613T150051Z_20240624T153209Z_L9_30_v1,20240613T150051Z,20240624T153209Z,0,0,0,200,0,0,NA,0,0,1260,0,1,0,0,NA,0,0,1260
OPERA_L3_DIST-ALERT-HLS_T20TLP_20240614T152629Z_20240616T033940Z_S2B_30_v1,20240614T152629Z,20240616T033940Z,0,NA,NA,200,0,0,NA,0,0,1258,0,NA,0,0,NA,0,0,1258
OPERA_L3_DIST-ALERT-HLS_T20TLP_20240619T152631Z_20240621T063657Z_S2A_30_v1,20240619T152631Z,20240621T063657Z,0,0,20,200,0,0,NA,0,0,1266,0,1,0,0,NA,0,0,1266
OPERA_L3_DIST-ALERT-HLS_T20TLP_20240620T150652Z_20240622T205500Z_L9_30_v1,20240620T150652Z,20240622T205500Z,0,NA,NA,200,0,0,NA,0,0,1266,0,NA,0,0,NA,0,0,1266
OPERA_L3_DIST-ALERT-HLS_T20TLP_20240621T150049Z_20240623T035718Z_L8_30_v1,20240621T150049Z,20240623T035718Z,0,NA,NA,200,0,0,NA,0,0,1266,0,NA,0,0,NA,0,0,1266
OPERA_L3_DIST-ALERT-HLS_T20TLP_20240621T151649Z_20240623T112208Z_S2B_30_v1,20240621T151649Z,20240623T112208Z,0,NA,NA,200,0,0,NA,0,0,1266,0,NA,0,0,NA,0,0,1266
OPERA_L3_DIST-ALERT-HLS_T20TLP_20240628T150703Z_20240630T044740Z_L8_30_v1,20240628T150703Z,20240630T044740Z,0,0,17,200,0,0,NA,0,0,1275,0,4,0,0,NA,0,0,1275
OPERA_L3_DIST-ALERT-HLS_T20TLP_20240629T150043Z_20240706T180909Z_L9_30_v1,20240629T150043Z,20240706T180909Z,0,NA,NA,200,0,0,NA,0,0,1275,0,NA,0,0,NA,0,0,1275
OPERA_L3_DIST-ALERT-HLS_T20TLP_20240704T152629Z_20240706T180935Z_S2B_30_v1,20240704T152629Z,20240706T180935Z,0,0,19,200,0,0,NA,0,0,1281,0,2,0,0,NA,0,0,1281
OPERA_L3_DIST-ALERT-HLS_T20TLP_20240706T151651Z_20240708T221146Z_S2A_30_v1,20240706T151651Z,20240708T221146Z,0,NA,NA,200,0,0,NA,0,0,1281,0,NA,0,0,NA,0,0,1281
OPERA_L3_DIST-ALERT-HLS_T20TLP_20240709T152631Z_20240711T102852Z_S2A_30_v1,20240709T152631Z,20240711T102852Z,0,NA,NA,200,0,0,NA,0,0,1281,0,NA,0,0,NA,0,0,1281
OPERA_L3_DIST-ALERT-HLS_T20TLP_20240711T151649Z_20240713T075846Z_S2B_30_v1,20240711T151649Z,20240713T075846Z,0,NA,NA,200,0,0,NA,0,0,1281,0,NA,0,0,NA,0,0,1281
OPERA_L3_DIST-ALERT-HLS_T20TLP_20240714T152629Z_20240716T085627Z_S2B_30_v1,20240714T152629Z,20240716T085627Z,0,0,17,200,0,0,NA,0,0,1291,0,1,0,0,NA,0,0,1291
OPERA_L3_DIST-ALERT-HLS_T20TLP_20240715T150102Z_20240717T013036Z_L9_30_v1,20240715T150102Z,20240717T013036Z,0,0,0,200,0,0,NA,0,0,1292,0,1,0,0,NA,0,0,1292
OPERA_L3_DIST-ALERT-HLS_T20TLP_20240716T151651Z_20240718T082953Z_S2A_30_v1,20240716T151651Z,20240718T082953Z,0,NA,NA,200,0,0,NA,0,0,1292,0,NA,0,0,NA,0,0,1292
OPERA_L3_DIST-ALERT-HLS_T20TLP_20240719T152631Z_20240721T060413Z_S2A_30_v1,20240719T152631Z,20240721T060413Z,0,0,1,200,0,0,NA,0,0,1296,0,2,0,0,NA,0,0,1296
OPERA_L3_DIST-ALERT-HLS_T20TLP_20240721T151649Z_20240723T173002Z_S2B_30_v1,20240721T151649Z,20240723T173002Z,0,0,0,200,0,0,NA,0,0,1298,0,1,0,0,NA,0,0,1298
OPERA_L3_DIST-ALERT-HLS_T20TLP_20240722T150712Z_20240724T045212Z_L9_30_v1,20240722T150712Z,20240724T045212Z,0,0,5,200,0,0,NA,0,0,1299,0,2,0,0,NA,0,0,1299
OPERA_L3_DIST-ALERT-HLS_T20TLP_20240724T152629Z_20240726T085937Z_S2B_30_v1,20240724T152629Z,20240726T085937Z,0,NA,NA,200,0,0,NA,0,0,1299,0,NA,0,0,NA,0,0,1299
OPERA_L3_DIST-ALERT-HLS_T20TLP_20240726T151651Z_20240728T080023Z_S2A_30_v1,20240726T151651Z,20240728T080023Z,0,0,0,200,0,0,NA,0,0,1303,0,0,0,0,NA,0,0,1303
OPERA_L3_DIST-ALERT-HLS_T20TLP_20240729T152631Z_20240731T074537Z_S2A_30_v1,20240729T152631Z,20240731T074537Z,0,0,6,200,0,0,NA,0,0,1306,0,1,0,0,NA,0,0,1306
OPERA_L3_DIST-ALERT-HLS_T20TLP_20240731T150105Z_20240802T054608Z_L9_30_v1,20240731T150105Z,20240802T054608Z,0,0,0,200,0,0,NA,0,0,1308,0,0,0,0,NA,0,0,1308
OPERA_L3_DIST-ALERT-HLS_T20TLP_20240731T151649Z_20240802T054637Z_S2B_30_v1,20240731T151649Z,20240802T054637Z,0,0,1,200,0,0,NA,0,0,1308,0,1,0,0,NA,0,0,1308
OPERA_L3_DIST-ALERT-HLS_T20TLP_20240807T150717Z_20240811T013723Z_L9_30_v1,20240807T150717Z,20240811T013723Z,0,NA,NA,200,0,0,NA,0,0,1308,0,NA,0,0,NA,0,0,1308
OPERA_L3_DIST-ALERT-HLS_T20TLP_20240808T150108Z_20240810T055724Z_L8_30_v1,20240808T150108Z,20240810T055724Z,0,0,0,200,0,0,NA,0,0,1316,0,0,0,0,NA,0,0,1316
OPERA_L3_DIST-ALERT-HLS_T20TLP_20240808T152631Z_20240810T055744Z_S2A_30_v1,20240808T152631Z,20240810T055744Z,0,0,6,200,0,0,NA,0,0,1316,0,1,0,0,NA,0,0,1316
OPERA_L3_DIST-ALERT-HLS_T20TLP_20240813T152629Z_20240815T082435Z_S2B_30_v1,20240813T152629Z,20240815T082435Z,0,0,0,200,0,0,NA,0,0,1321,0,1,0,0,NA,0,0,1321
OPERA_L3_DIST-ALERT-HLS_T20TLP_20240815T150727Z_20240817T012709Z_L8_30_v1,20240815T150727Z,20240817T012709Z,0,NA,NA,200,0,0,NA,0,0,1321,0,NA,0,0,NA,0,0,1321
OPERA_L3_DIST-ALERT-HLS_T20TLP_20240815T151651Z_20240817T071944Z_S2A_30_v1,20240815T151651Z,20240817T071944Z,0,NA,NA,200,0,0,NA,0,0,1321,0,NA,0,0,NA,0,0,1321
OPERA_L3_DIST-ALERT-HLS_T20TLP_20240816T150112Z_20240818T050436Z_L9_30_v1,20240816T150112Z,20240818T050436Z,0,NA,NA,200,0,0,NA,0,0,1321,0,NA,0,0,NA,0,0,1321
OPERA_L3_DIST-ALERT-HLS_T20TLP_20240818T152621Z_20240904T171512Z_S2A_30_v1,20240818T152621Z,20240904T171512Z,0,NA,NA,200,0,0,NA,0,0,1321,0,NA,0,0,NA,0,0,1321
OPERA_L3_DIST-ALERT-HLS_T20TLP_20240820T151649Z_20240904T171532Z_S2B_30_v1,20240820T151649Z,20240904T171532Z,0,NA,NA,200,0,0,NA,0,0,1321,0,NA,0,0,NA,0,0,1321
OPERA_L3_DIST-ALERT-HLS_T20TLP_20240823T150731Z_20240904T171551Z_L9_30_v1,20240823T150731Z,20240904T171551Z,0,NA,NA,200,0,0,NA,0,0,1321,0,NA,0,0,NA,0,0,1321
OPERA_L3_DIST-ALERT-HLS_T20TLP_20240823T152629Z_20240904T171611Z_S2B_30_v1,20240823T152629Z,20240904T171611Z,0,NA,NA,200,0,0,NA,0,0,1321,0,NA,0,0,NA,0,0,1321
OPERA_L3_DIST-ALERT-HLS_T20TLP_20240824T150121Z_20240904T171630Z_L8_30_v1,20240824T150121Z,20240904T171630Z,0,0,0,200,0,0,NA,0,0,1332,0,1,0,0,NA,0,0,1332
OPERA_L3_DIST-ALERT-HLS_T20TLP_20240825T151651Z_20240904T171651Z_S2A_30_v1,20240825T151651Z,20240904T171651Z,0,0,0,200,0,0,NA,0,0,1333,0,2,0,0,NA,0,0,1333
OPERA_L3_DIST-ALERT-HLS_T20TLP_20240830T151649Z_20240904T171712Z_S2B_30_v1,20240830T151649Z,20240904T171712Z,0,0,0,200,0,0,NA,0,0,1338,0,0,0,0,NA,0,0,1338
OPERA_L3_DIST-ALERT-HLS_T20TLP_20240831T150735Z_20240904T171733Z_L8_30_v1,20240831T150735Z,20240904T171733Z,0,0,1,200,0,0,NA,0,0,1339,0,1,0,0,NA,0,0,1339
OPERA_L3_DIST-ALERT-HLS_T20TLP_20240904T151651Z_20240908T134259Z_S2A_30_v1,20240904T151651Z,20240908T134259Z,0,NA,NA,200,0,0,NA,0,0,1339,0,NA,0,0,NA,0,0,1339
OPERA_L3_DIST-ALERT-HLS_T20TLP_20240908T150731Z_20240912T013802Z_L9_30_v1,20240908T150731Z,20240912T013802Z,0,NA,NA,200,0,0,NA,0,0,1339,0,NA,0,0,NA,0,0,1339
OPERA_L3_DIST-ALERT-HLS_T20TLP_20240909T150129Z_20240911T034824Z_L8_30_v1,20240909T150129Z,20240911T034824Z,0,0,0,200,0,0,NA,0,0,1348,0,1,0,0,NA,0,0,1348
OPERA_L3_DIST-ALERT-HLS_T20TLP_20240909T151649Z_20240911T034844Z_S2B_30_v1,20240909T151649Z,20240911T034844Z,0,NA,NA,200,0,0,NA,0,0,1348,0,NA,0,0,NA,0,0,1348
OPERA_L3_DIST-ALERT-HLS_T20TLP_20240912T152629Z_20240914T230138Z_S2B_30_v1,20240912T152629Z,20240914T230138Z,0,0,0,200,0,0,NA,0,0,1351,0,1,0,0,NA,0,0,1351
OPERA_L3_DIST-ALERT-HLS_T20TLP_20240914T151651Z_20240916T054538Z_S2A_30_v1,20240914T151651Z,20240916T054538Z,0,0,0,200,0,0,NA,0,0,1353,0,1,0,0,NA,0,0,1353
OPERA_L3_DIST-ALERT-HLS_T20TLP_20240916T150742Z_20240918T034341Z_L8_30_v1,20240916T150742Z,20240918T034341Z,0,0,0,200,0,0,NA,0,0,1355,0,1,0,0,NA,0,0,1355
OPERA_L3_DIST-ALERT-HLS_T20TLP_20240917T150125Z_20240919T044139Z_L9_30_v1,20240917T150125Z,20240919T044139Z,0,0,0,200,0,0,NA,0,0,1356,0,1,0,0,NA,0,0,1356
OPERA_L3_DIST-ALERT-HLS_T20TLP_20240917T152631Z_20240919T044159Z_S2A_30_v1,20240917T152631Z,20240919T044159Z,0,0,0,200,0,0,NA,0,0,1356,0,1,0,0,NA,0,0,1356
OPERA_L3_DIST-ALERT-HLS_T20TLP_20240919T151649Z_20240924T141217Z_S2B_30_v1,20240919T151649Z,20240924T141217Z,0,NA,NA,200,0,0,NA,0,0,1356,0,NA,0,0,NA,0,0,1356
OPERA_L3_DIST-ALERT-HLS_T20TLP_20240924T150733Z_20240926T034205Z_L9_30_v1,20240924T150733Z,20240926T034205Z,0,NA,NA,200,0,0,NA,0,0,1356,0,NA,0,0,NA,0,0,1356
OPERA_L3_DIST-ALERT-HLS_T20TLP_20240924T151651Z_20240926T034231Z_S2A_30_v1,20240924T151651Z,20240926T034231Z,0,NA,NA,200,0,0,NA,0,0,1356,0,NA,0,0,NA,0,0,1356
OPERA_L3_DIST-ALERT-HLS_T20TLP_20240925T150128Z_20241001T042738Z_L8_30_v1,20240925T150128Z,20241001T042738Z,0,NA,NA,200,0,0,NA,0,0,1356,0,NA,0,0,NA,0,0,1356
OPERA_L3_DIST-ALERT-HLS_T20TLP_20240927T152631Z_20241001T132042Z_S2A_30_v1,20240927T152631Z,20241001T132042Z,0,0,0,200,0,0,NA,0,0,1366,0,0,0,0,NA,0,0,1366
OPERA_L3_DIST-ALERT-HLS_T20TLP_20240929T151649Z_20241002T175458Z_S2B_30_v1,20240929T151649Z,20241002T175458Z,0,NA,NA,200,0,0,NA,0,0,1366,0,NA,0,0,NA,0,0,1366
OPERA_L3_DIST-ALERT-HLS_T20TLP_20241003T150131Z_20241005T043402Z_L9_30_v1,20241003T150131Z,20241005T043402Z,0,NA,NA,200,0,0,NA,0,0,1366,0,NA,0,0,NA,0,0,1366
OPERA_L3_DIST-ALERT-HLS_T20TLP_20241004T151651Z_20241006T025639Z_S2A_30_v1,20241004T151651Z,20241006T025639Z,0,NA,NA,200,0,0,NA,0,0,1366,0,NA,0,0,NA,0,0,1366
OPERA_L3_DIST-ALERT-HLS_T20TLP_20241007T152621Z_20241009T111509Z_S2A_30_v1,20241007T152621Z,20241009T111509Z,0,NA,NA,200,0,0,NA,0,0,1366,0,NA,0,0,NA,0,0,1366
OPERA_L3_DIST-ALERT-HLS_T20TLP_20241009T151649Z_20241011T042240Z_S2B_30_v1,20241009T151649Z,20241011T042240Z,0,NA,NA,200,0,0,NA,0,0,1366,0,NA,0,0,NA,0,0,1366
OPERA_L3_DIST-ALERT-HLS_T20TLP_20241010T150742Z_20241012T043327Z_L9_30_v1,20241010T150742Z,20241012T043327Z,0,NA,NA,200,0,0,NA,0,0,1366,0,NA,0,0,NA,0,0,1366
OPERA_L3_DIST-ALERT-HLS_T20TLP_20241011T150135Z_20241013T043901Z_L8_30_v1,20241011T150135Z,20241013T043901Z,0,NA,NA,200,0,0,NA,0,0,1366,0,NA,0,0,NA,0,0,1366
OPERA_L3_DIST-ALERT-HLS_T20TLP_20241012T152629Z_20241014T025156Z_S2B_30_v1,20241012T152629Z,20241014T025156Z,0,NA,NA,200,0,0,NA,0,0,1366,0,NA,0,0,NA,0,0,1366
OPERA_L3_DIST-ALERT-HLS_T20TLP_20241014T151651Z_20241019T045244Z_S2A_30_v1,20241014T151651Z,20241019T045244Z,0,NA,NA,200,0,0,NA,0,0,1366,0,NA,0,0,NA,0,0,1366
OPERA_L3_DIST-ALERT-HLS_T20TLP_20241017T152621Z_20241022T060447Z_S2A_30_v1,20241017T152621Z,20241022T060447Z,0,NA,NA,200,0,0,NA,0,0,1366,0,NA,0,0,NA,0,0,1366
OPERA_L3_DIST-ALERT-HLS_T20TLP_20241018T150751Z_20241022T060525Z_L8_30_v1,20241018T150751Z,20241022T060525Z,0,0,0,200,0,0,NA,0,0,1387,0,2,0,0,NA,0,0,1387
OPERA_L3_DIST-ALERT-HLS_T20TLP_20241019T150142Z_20241022T204627Z_L9_30_v1,20241019T150142Z,20241022T204627Z,0,0,0,200,0,0,NA,0,0,1388,0,1,0,0,NA,0,0,1388
OPERA_L3_DIST-ALERT-HLS_T20TLP_20241019T151649Z_20241022T142701Z_S2B_30_v1,20241019T151649Z,20241022T142701Z,0,0,0,200,0,0,NA,0,0,1388,0,2,0,0,NA,0,0,1388
OPERA_L3_DIST-ALERT-HLS_T20TLP_20241022T152629Z_20241024T014952Z_S2B_30_v1,20241022T152629Z,20241024T014952Z,0,0,0,200,0,0,NA,0,0,1391,0,1,0,0,NA,0,0,1391
OPERA_L3_DIST-ALERT-HLS_T20TLP_20241027T150136Z_20241029T174111Z_L8_30_v1,20241027T150136Z,20241029T174111Z,0,0,0,200,0,0,NA,0,0,1396,0,2,0,0,NA,0,0,1396
OPERA_L3_DIST-ALERT-HLS_T20TLP_20241027T152631Z_20241029T040906Z_S2A_30_v1,20241027T152631Z,20241029T040906Z,0,0,0,200,0,0,NA,0,0,1396,0,1,0,0,NA,0,0,1396
OPERA_L3_DIST-ALERT-HLS_T20TLP_20241029T151649Z_20241031T050610Z_S2B_30_v1,20241029T151649Z,20241031T050610Z,0,0,0,200,0,0,NA,0,0,1398,0,0,0,0,NA,0,0,1398
OPERA_L3_DIST-ALERT-HLS_T20TLP_20241103T150744Z_20241108T013645Z_L8_30_v1,20241103T150744Z,20241108T013645Z,0,NA,NA,200,0,0,NA,0,0,1398,0,NA,0,0,NA,0,0,1398
OPERA_L3_DIST-ALERT-HLS_T20TLP_20241104T150141Z_20241108T013703Z_L9_30_v1,20241104T150141Z,20241108T013703Z,0,NA,NA,200,0,0,NA,0,0,1398,0,NA,0,0,NA,0,0,1398
OPERA_L3_DIST-ALERT-HLS_T20TLP_20241106T152621Z_20241108T111732Z_S2A_30_v1,20241106T152621Z,20241108T111732Z,0,NA,NA,200,0,0,NA,0,0,1398,0,NA,0,0,NA,0,0,1398
OPERA_L3_DIST-ALERT-HLS_T20TLP_20241108T151639Z_20241110T063241Z_S2B_30_v1,20241108T151639Z,20241110T063241Z,0,NA,NA,200,0,0,NA,0,0,1398,0,NA,0,0,NA,0,0,1398
OPERA_L3_DIST-ALERT-HLS_T20TLP_20241112T150159Z_20241118T013454Z_L8_30_v1,20241112T150159Z,20241118T013454Z,0,NA,NA,200,0,0,NA,0,0,1398,0,NA,0,0,NA,0,0,1398
OPERA_L3_DIST-ALERT-HLS_T20TLP_20241113T151651Z_20241118T013517Z_S2A_30_v1,20241113T151651Z,20241118T013517Z,0,NA,NA,200,0,0,NA,0,0,1398,0,NA,0,0,NA,0,0,1398
OPERA_L3_DIST-ALERT-HLS_T20TLP_20241116T152621Z_20241118T115527Z_S2A_30_v1,20241116T152621Z,20241118T115527Z,0,NA,NA,200,0,0,NA,0,0,1398,0,NA,0,0,NA,0,0,1398
OPERA_L3_DIST-ALERT-HLS_T20TLP_20241118T151649Z_20241120T063403Z_S2B_30_v1,20241118T151649Z,20241120T063403Z,0,NA,NA,200,0,0,NA,0,0,1398,0,NA,0,0,NA,0,0,1398
OPERA_L3_DIST-ALERT-HLS_T20TLP_20241121T152629Z_20241202T083149Z_S2B_30_v1,20241121T152629Z,20241202T083149Z,0,NA,NA,200,0,0,NA,0,0,1398,0,NA,0,0,NA,0,0,1398
OPERA_L3_DIST-ALERT-HLS_T20TLP_20241126T152621Z_20241202T083209Z_S2A_30_v1,20241126T152621Z,20241202T083209Z,0,NA,NA,200,0,0,NA,0,0,1398,0,NA,0,0,NA,0,0,1398
OPERA_L3_DIST-ALERT-HLS_T20TLP_20241127T150802Z_20241202T083229Z_L9_30_v1,20241127T150802Z,20241202T083229Z,0,NA,NA,200,0,0,NA,0,0,1398,0,NA,0,0,NA,0,0,1398
OPERA_L3_DIST-ALERT-HLS_T20TLP_20241128T150147Z_20241202T083250Z_L8_30_v1,20241128T150147Z,20241202T083250Z,0,NA,NA,200,0,0,NA,0,0,1398,0,NA,0,0,NA,0,0,1398
OPERA_L3_DIST-ALERT-HLS_T20TLP_20241201T152629Z_20241203T060906Z_S2B_30_v1,20241201T152629Z,20241203T060906Z,0,NA,NA,200,0,0,NA,0,0,1398,0,NA,0,0,NA,0,0,1398
OPERA_L3_DIST-ALERT-HLS_T20TLP_20241203T151651Z_20241205T020900Z_S2A_30_v1,20241203T151651Z,20241205T020900Z,0,NA,NA,200,0,0,NA,0,0,1398,0,NA,0,0,NA,0,0,1398
OPERA_L3_DIST-ALERT-HLS_T20TLP_20241206T150144Z_20241211T020451Z_L9_30_v1,20241206T150144Z,20241211T020451Z,0,NA,NA,200,0,0,NA,0,0,1398,0,NA,0,0,NA,0,0,1398
OPERA_L3_DIST-ALERT-HLS_T20TLP_20241206T152631Z_20241211T020511Z_S2A_30_v1,20241206T152631Z,20241211T020511Z,0,NA,NA,200,0,0,NA,0,0,1398,0,NA,0,0,NA,0,0,1398
OPERA_L3_DIST-ALERT-HLS_T20TLP_20241213T150754Z_20241215T013700Z_L9_30_v1,20241213T150754Z,20241215T013700Z,0,NA,NA,200,0,0,NA,0,0,1398,0,NA,0,0,NA,0,0,1398
OPERA_L3_DIST-ALERT-HLS_T20TLP_20241213T151651Z_20241215T032025Z_S2A_30_v1,20241213T151651Z,20241215T032025Z,0,NA,NA,200,0,0,NA,0,0,1398,0,NA,0,0,NA,0,0,1398
OPERA_L3_DIST-ALERT-HLS_T20TLP_20241214T150135Z_20241216T014637Z_L8_30_v1,20241214T150135Z,20241216T014637Z,0,NA,NA,200,0,0,NA,0,0,1398,0,NA,0,0,NA,0,0,1398
OPERA_L3_DIST-ALERT-HLS_T20TLP_20241216T152641Z_20241218T020059Z_S2A_30_v1,20241216T152641Z,20241218T020059Z,0,NA,NA,200,0,0,NA,0,0,1398,0,NA,0,0,NA,0,0,1398
OPERA_L3_DIST-ALERT-HLS_T20TLP_20241218T151649Z_20241220T063335Z_S2B_30_v1,20241218T151649Z,20241220T063335Z,0,NA,NA,200,0,0,NA,0,0,1398,0,NA,0,0,NA,0,0,1398
OPERA_L3_DIST-ALERT-HLS_T20TLP_20241222T150146Z_20241231T180236Z_L9_30_v1,20241222T150146Z,20241231T180236Z,0,0,0,200,0,0,NA,0,0,1452,0,4,0,0,NA,0,0,1452
OPERA_L3_DIST-ALERT-HLS_T20TLP_20241223T151651Z_20241225T024509Z_S2A_30_v1,20241223T151651Z,20241225T024509Z,0,0,0,200,0,0,NA,0,0,1453,0,1,0,0,NA,0,0,1453
OPERA_L3_DIST-ALERT-HLS_T20TLP_20241226T152641Z_20241228T024243Z_S2A_30_v1,20241226T152641Z,20241228T024243Z,0,NA,NA,200,0,0,NA,0,0,1453,0,NA,0,0,NA,0,0,1453
OPERA_L3_DIST-ALERT-HLS_T20TLP_20241228T151649Z_20241230T020401Z_S2B_30_v1,20241228T151649Z,20241230T020401Z,0,NA,NA,200,0,0,NA,0,0,1453,0,NA,0,0,NA,0,0,1453
OPERA_L3_DIST-ALERT-HLS_T20TLP_20241231T152629Z_20250102T100510Z_S2B_30_v1,20241231T152629Z,20250102T100510Z,0,0,0,200,0,0,NA,0,0,1461,0,1,0,0,NA,0,0,1461
